Date,Close,High,Low,Open,Volume
02-01-2020,5.972709656,5.972709656,5.89329302,5.943830922,237536000
03-01-2020,5.877111435,5.920927892,5.828066919,5.852962644,205384000
06-01-2020,5.90175724,5.906985299,5.757611916,5.78375221,262636000
07-01-2020,5.973208904,6.01901687,5.885078346,5.930139378,314856000
08-01-2020,5.98441267,6.025739515,5.928895511,5.968977308,277108000
09-01-2020,6.050136089,6.122582465,5.996361627,6.070799508,255112000
10-01-2020,6.082500458,6.187809062,6.068310145,6.157436456,316296000
13-01-2020,6.273202419,6.29834697,6.142998063,6.165653468,319840000
14-01-2020,6.156191826,6.255774255,6.142996792,6.230380415,359088000
15-01-2020,6.113618851,6.191293274,6.087727376,6.168887172,263104000
16-01-2020,6.197268963,6.203243956,6.143743321,6.167145179,284192000
17-01-2020,6.205982685,6.223907665,6.158432034,6.216438804,253792000
21-01-2020,6.172623634,6.206232797,6.138516358,6.16938708,217916000
22-01-2020,6.226646423,6.313283116,6.199012257,6.21793299,239240000
23-01-2020,6.295109749,6.303574363,6.177851622,6.266729122,244516000
24-01-2020,6.235857964,6.46041667,6.181585383,6.410625216,373512000
27-01-2020,5.979930878,6.030966904,5.781512472,5.931135177,470536000
28-01-2020,6.173368931,6.205733037,5.992626243,6.045903061,310976000
29-01-2020,6.112873554,6.195029119,6.073040107,6.158930339,258848000
30-01-2020,6.119596004,6.13303986,5.96001527,6.015034316,290504000
31-01-2020,5.886074066,6.085737042,5.844249588,6.073787055,370420000
03-02-2020,5.983166695,6.002585065,5.86167581,5.867899622,255564000
04-02-2020,6.152456284,6.171626308,6.075031151,6.125071416,271544000
05-02-2020,6.242828369,6.283657093,6.15942776,6.273449793,208220000
06-02-2020,6.329713345,6.329713345,6.196024131,6.277183933,218284000
07-02-2020,6.263492107,6.311789694,6.238098267,6.289632407,189752000
10-02-2020,6.546803951,6.54755041,6.281167249,6.286146488,529608000
11-02-2020,6.669291496,6.784060483,6.593110915,6.655101182,638556000
12-02-2020,6.785055161,6.791528268,6.683231932,6.72206915,374644000
13-02-2020,6.741238594,6.80845691,6.699662937,6.727048282,528016000
14-02-2020,7.214505672,7.343464967,7.120151293,7.151519655,1041924000
18-02-2020,7.38329649,7.401719582,7.091768796,7.111187166,620164000
19-02-2020,7.834655762,7.852331924,7.505784653,7.505784653,694332000
20-02-2020,7.685281754,7.874986252,7.377820549,7.786606873,810052000
21-02-2020,7.32105732,7.598145879,7.236163326,7.573001337,768180000
24-02-2020,6.803478241,7.017332013,6.672029332,6.726550733,856916000
25-02-2020,6.523900032,6.940652838,6.422076803,6.878662581,1055496000
26-02-2020,6.663315296,6.857501383,6.522655327,6.524148719,747732000
27-02-2020,6.292397976,6.651109629,6.199979866,6.349692063,906416000
28-02-2020,6.727584839,6.787121068,6.023115479,6.039805389,1133252000
02-03-2020,6.886015892,6.91491238,6.501646699,6.897724058,890744000
03-03-2020,6.623459339,7.001601002,6.53801614,6.941815802,652792000
04-03-2020,7.087293148,7.096759174,6.656091759,6.730823615,597408000
05-03-2020,6.807797432,7.054660539,6.76320738,6.887760004,540328000
06-03-2020,6.627195358,6.685735238,6.426914547,6.628191707,515412000
09-03-2020,6.114038944,6.461789824,5.933188588,5.976034433,614160000
10-03-2020,6.503638744,6.503638744,6.127739265,6.390544862,580648000
11-03-2020,6.139695644,6.392039331,6.042544769,6.363641259,499964000
12-03-2020,5.388395786,5.881873035,5.37569127,5.616326843,816540000
13-03-2020,5.99944973,6.003933536,5.470599576,5.741874846,634836000
16-03-2020,4.892425537,5.632268219,4.832640351,5.291242885,726972000
17-03-2020,5.412308693,5.501737752,4.757909583,5.004772651,833632000
18-03-2020,5.052352428,5.229715335,4.500833722,4.984595962,874268000
19-03-2020,5.305194378,5.398857809,4.817446285,5.030929083,765512000
20-03-2020,5.125339031,5.737390137,5.109894442,5.455403094,804636000
23-03-2020,5.298217773,5.392629038,4.945235784,5.124342372,643876000
24-03-2020,6.207204342,6.293893336,5.680845215,5.704510043,1101644000
25-03-2020,6.118522167,6.522072337,6.069697284,6.322289949,793432000
26-03-2020,6.407982826,6.532037023,6.227630417,6.325777649,696108000
27-03-2020,6.295636654,6.554456878,6.194748865,6.227630747,638828000
30-03-2020,6.61598587,6.625202927,6.317059401,6.361151039,602252000
31-03-2020,6.566413403,6.860357623,6.42068661,6.656090954,949960000
01-04-2020,6.055000782,6.514849216,6.010411207,6.3683755,656912000
02-04-2020,6.363891602,6.377094053,6.036069119,6.084146152,675764000
03-04-2020,6.07592535,6.367876401,5.938419263,6.326275877,663212000
06-04-2020,6.685984612,6.722852365,6.300618589,6.358162123,727884000
07-04-2020,6.452572346,6.931352789,6.40947706,6.907687489,784520000
08-04-2020,6.649864197,6.674774815,6.491682315,6.56168092,542444000
09-04-2020,6.550221443,6.79857927,6.487197761,6.775661827,525564000
13-04-2020,6.722105026,6.730823672,6.402004832,6.490437078,398408000
14-04-2020,7.0733428,7.107469998,6.822742821,6.850393515,530948000
15-04-2020,6.995871067,7.078823153,6.859859732,6.905196685,366148000
16-04-2020,7.341130257,7.448245571,7.138109856,7.151312306,745620000
17-04-2020,7.281843662,7.444758304,7.147825031,7.423335146,539120000
20-04-2020,7.150564194,7.311237149,7.106223597,7.155297443,449388000
21-04-2020,6.713634491,7.093768805,6.653849298,7.032489327,735160000
22-04-2020,7.128145218,7.170991533,6.860357414,6.905943331,483356000
23-04-2020,7.074836731,7.302269811,7.049677147,7.170244356,424160000
24-04-2020,7.213837147,7.215829844,6.989891538,7.06462338,352328000
27-04-2020,7.400416851,7.560342429,7.323692314,7.348353959,479388000
28-04-2020,7.257929802,7.577781012,7.252449647,7.547888175,442904000
29-04-2020,7.434793472,7.487603745,7.317464764,7.39269454,379160000
30-04-2020,7.280848026,7.43479507,7.266898194,7.380738994,375916000
01-05-2020,7.044198513,7.196650811,6.995872032,7.083307936,342096000
04-05-2020,7.256186008,7.269886872,6.996867379,6.996867379,317556000
05-05-2020,7.317216396,7.479882064,7.256185412,7.36031168,368896000
06-05-2020,7.418103695,7.522977343,7.358816915,7.396681012,323464000
07-05-2020,7.594471455,7.657744114,7.506039207,7.557354731,373732000
08-05-2020,7.784537792,7.790765327,7.632334494,7.666212723,339216000
11-05-2020,8.036632538,8.083464249,7.750908547,7.779555589,469060000
12-05-2020,7.774572849,8.143248421,7.764857857,8.094424016,493060000
13-05-2020,7.75215435,8.049585557,7.567567108,7.889162026,625852000
14-05-2020,8.001757622,8.007237777,7.659984878,7.81368293,602312000
15-05-2020,8.460360527,8.470075045,7.845817737,7.861511297,987660000
18-05-2020,8.718930244,8.884585417,8.649430067,8.729143648,774460000
19-05-2020,8.773983002,9.054973245,8.731385657,8.75878738,717320000
20-05-2020,8.937895775,9.010634455,8.856936386,8.958820523,587536000
21-05-2020,8.743841171,9.020098149,8.706226047,9.019102275,761068000
22-05-2020,8.993941307,9.060452907,8.682061934,8.793660554,1038764000
26-05-2020,8.686546326,9.148886239,8.640960412,9.123975151,770780000
27-05-2020,8.494736671,8.601851031,7.968127735,8.594129211,1175892000
28-05-2020,8.456624985,8.729145603,8.349259739,8.382141622,734896000
29-05-2020,8.843730927,8.843730927,8.454628607,8.523879809,745256000
01-06-2020,8.774731636,8.809108281,8.658399725,8.801635427,389876000
02-06-2020,8.793663025,8.805620159,8.627011952,8.764767488,391320000
03-06-2020,8.738114357,8.834518354,8.668863123,8.790676154,365440000
04-06-2020,8.739110947,8.915307951,8.650388313,8.70073045,424280000
05-06-2020,8.892130852,8.968889942,8.680793321,8.767023232,481748000
08-06-2020,8.777489662,8.861974091,8.658611954,8.849513336,387736000
09-06-2020,9.017736435,9.081287522,8.723908082,8.772505693,468488000
10-06-2020,9.337486267,9.470320205,9.124902341,9.139108574,632180000
11-06-2020,8.768767357,9.232313713,8.758549291,9.121411379,583652000
12-06-2020,8.904593468,9.158547843,8.676059723,9.133875409,570908000
15-06-2020,9.145088196,9.153561738,8.716431349,8.787708736,400004000
16-06-2020,9.040166855,9.237798231,8.811134982,9.196178716,535716000
17-06-2020,9.207144737,9.269947637,9.041912075,9.085277069,408304000
18-06-2020,9.189199448,9.253497778,9.086022461,9.198171153,254408000
19-06-2020,9.232311249,9.415487244,9.198418043,9.213620597,524160000
22-06-2020,9.496982574,9.501468902,9.244274669,9.27094165,398468000
23-06-2020,9.42047596,9.612374662,9.378109195,9.521160247,375108000
24-06-2020,9.206645012,9.526642181,9.115928776,9.446642176,449372000
25-06-2020,9.460349083,9.475302559,9.153560872,9.326518847,376072000
26-06-2020,9.126396179,9.47031854,9.096490176,9.47031854,592084000
29-06-2020,9.171254158,9.175740486,8.872191326,9.141099078,342248000
30-06-2020,9.468075752,9.496486312,9.237548454,9.284899704,367892000
01-07-2020,9.500224113,9.545831788,9.383590042,9.491003326,326648000
02-07-2020,9.58221817,9.707076707,9.548324003,9.608884206,364056000
06-07-2020,9.808507919,9.877790744,9.682153944,9.7113127,315892000
07-07-2020,9.840903282,10.03853362,9.819968993,9.915170573,357800000
08-07-2020,10.18408203,10.19305469,9.934364935,9.962526416,365480000
09-07-2020,10.47616386,10.53697314,10.20152438,10.3478163,494548000
10-07-2020,10.44650745,10.62195718,10.34632136,10.55566525,497676000
13-07-2020,10.02084351,10.75853128,9.993678354,10.56189814,457076000
14-07-2020,10.3445797,10.37024941,9.754927399,10.04352317,542676000
15-07-2020,10.19529629,10.40040296,10.02433191,10.3817123,403984000
16-07-2020,10.10308552,10.17486011,9.864582844,9.98370964,344964000
17-07-2020,10.16962337,10.21647645,10.0562293,10.19354855,266284000
20-07-2020,10.47791004,10.49834617,10.12501599,10.24214918,284852000
21-07-2020,10.29623032,10.52700766,10.2546108,10.48015362,277036000
22-07-2020,10.40613461,10.56937267,10.25934451,10.33510726,367292000
23-07-2020,10.09810162,10.51404767,9.999909111,10.41735061,411660000
24-07-2020,10.16265011,10.33236815,9.746454927,9.844148327,473292000
27-07-2020,10.38893986,10.40912596,10.18582583,10.20028115,292132000
28-07-2020,10.18358231,10.34956218,10.1773524,10.34183684,271636000
29-07-2020,10.43280029,10.4833915,10.31467079,10.3582839,284508000
30-07-2020,10.58083916,10.58981086,10.26308464,10.34258554,308880000
31-07-2020,10.58158684,10.7328633,10.40040437,10.53024742,386080000
03-08-2020,10.97584915,11.06407266,10.68177079,10.69896695,412720000
04-08-2020,11.19266891,11.19266891,10.87192453,11.01547466,310336000
05-08-2020,11.25148678,11.33622125,11.13136364,11.20887093,249924000
06-08-2020,11.30008221,11.32251194,11.14382224,11.31428749,244316000
07-08-2020,11.16450691,11.46880332,11.00301338,11.27715376,342516000
10-08-2020,11.13011551,11.37260538,10.82257911,11.29883718,427796000
11-08-2020,10.81610012,11.10195403,10.76201891,11.03915019,354512000
12-08-2020,11.40450573,11.43117176,10.92401137,10.95641009,464412000
13-08-2020,11.4072485,11.68512802,11.32027134,11.50992638,374460000
14-08-2020,11.52786922,11.66817939,11.40475522,11.49397506,366436000
17-08-2020,12.29845238,12.37097516,11.78032672,11.81421993,621300000
18-08-2020,12.22244263,12.45695809,12.04848832,12.41110133,503448000
19-08-2020,12.10057545,12.27652337,12.06020134,12.25808179,622624000
20-08-2020,12.10306549,12.33633457,11.84163494,11.93758474,921388000
21-08-2020,12.64387035,12.76872887,12.15714517,12.16362511,999868000
24-08-2020,12.68050861,12.87215822,12.46842287,12.84349763,490564000
25-08-2020,12.71016407,12.72137846,12.53446429,12.59128636,289076000
26-08-2020,12.73308945,12.82829104,12.63813693,12.75925731,321244000
27-08-2020,12.58879375,12.80985117,12.52723628,12.74156467,317604000
28-08-2020,13.10667038,13.10691946,12.60299903,12.63539775,537160000
31-08-2020,13.33271217,13.53258526,12.99701431,13.14156076,500840000
01-09-2020,13.78194046,13.95420177,13.3985266,13.44190361,511316000
02-09-2020,14.30595207,14.68512733,13.86071326,14.66219162,874012000
03-09-2020,12.97871685,13.84526044,12.8423531,13.78966811,945128000
04-09-2020,12.58682632,13.1377646,11.67166974,12.74761976,1463684000
08-09-2020,11.87933159,12.51453138,11.67117179,11.70133589,795728000
09-09-2020,12.6790657,12.77304907,12.19718082,12.36495541,736200000
10-09-2020,12.2769556,13.02832609,12.1326141,12.95254066,698684000
11-09-2020,12.13012314,12.61674396,11.86213244,12.45021609,636928000
14-09-2020,12.83586788,13.27736648,12.59554981,13.0440286,1201744000
15-09-2020,12.95428467,13.26116465,12.79149608,13.24246745,727556000
16-09-2020,12.47913074,13.05574641,12.47838328,12.92062941,556384000
17-09-2020,12.42827797,12.55417145,12.00073959,12.0979639,792512000
18-09-2020,12.15480137,12.59679838,11.95486848,12.5581582,698460000
21-09-2020,12.48187542,12.48711056,11.87085704,11.89129929,721044000
22-09-2020,12.60203362,12.61225474,12.12114726,12.53946109,646452000
23-09-2020,12.08948421,12.69102974,12.04511059,12.53995723,647012000
24-09-2020,12.31310081,12.53397519,11.98004515,12.03813095,731240000
25-09-2020,12.83736515,12.84708796,12.21114073,12.41232034,588016000
28-09-2020,12.99815941,13.0148624,12.71396505,13.00339455,573808000
29-09-2020,13.18837166,13.40475839,12.89669877,12.90093633,621460000
30-09-2020,13.49225998,13.58399997,13.11308468,13.12031402,689184000
01-10-2020,13.57602119,13.72385182,13.42270532,13.71911595,525004000
02-10-2020,13.02533436,13.48129175,13.01411566,13.18762465,552496000
05-10-2020,13.60394287,13.60568792,13.18537897,13.19859188,479820000
06-10-2020,13.69767857,14.10203298,13.62638081,13.79091446,784420000
07-10-2020,13.92453575,14.07934754,13.82431967,13.96018511,418084000
08-10-2020,13.7996397,14.04469561,13.7191184,14.03522195,378900000
09-10-2020,13.72385311,13.78517985,13.6221421,13.72809162,346892000
12-10-2020,14.18579483,14.30645315,13.87318138,13.94996343,434744000
13-10-2020,14.20798111,14.30794802,13.97912991,14.25609494,344604000
14-10-2020,14.05541325,14.30221321,13.92054541,14.25011098,276100000
15-10-2020,13.93052006,13.96616846,13.72884115,13.77171985,267224000
16-10-2020,13.77246666,14.08159098,13.7535203,13.99708032,242392000
19-10-2020,13.45960045,13.94397678,13.36885709,13.86370465,298068000
20-10-2020,13.60693645,13.76075067,13.46882766,13.5451114,229212000
21-10-2020,13.48652649,13.75252294,13.43941023,13.58649341,219596000
22-10-2020,13.32323837,13.57327928,13.19435314,13.48428191,290480000
23-10-2020,13.55184364,13.55483542,13.25368884,13.41198979,233484000
26-10-2020,13.10411167,13.65405342,13.00165222,13.38905451,336896000
27-10-2020,13.35888672,13.40400877,13.15421609,13.26839252,250520000
28-10-2020,12.59131622,13.22252775,12.57336744,13.16070269,376520000
29-10-2020,12.98719215,13.15546505,12.71396636,12.80221626,320080000
30-10-2020,12.49857712,12.89993878,12.26523824,12.81368403,416820000
02-11-2020,12.54519558,12.80047166,12.35997053,12.62197763,299652000
03-11-2020,12.98270512,13.06796325,12.56713295,12.67258417,272900000
04-11-2020,13.75526524,13.78842207,13.29930784,13.35141008,410228000
05-11-2020,14.11998272,14.29847675,13.95146065,14.12247619,319028000
06-11-2020,14.52084732,14.54752134,13.85573248,14.06987492,383348000
09-11-2020,13.59222698,14.64997914,13.572284,14.51137203,582976000
10-11-2020,12.73390865,13.56804367,12.59255895,13.56804367,644068000
11-11-2020,13.38007832,13.39703047,12.91165552,13.01685758,404744000
12-11-2020,13.41871643,13.72709226,13.27836431,13.44090372,365812000
13-11-2020,13.25942039,13.63011965,13.02234226,13.58873684,346312000
16-11-2020,13.47705555,13.61092584,13.11882074,13.13527363,413776000
17-11-2020,13.3843174,13.55782545,13.26615253,13.51419928,312028000
18-11-2020,13.39079666,13.56729646,13.14773595,13.42719348,510924000
19-11-2020,13.4022646,13.44938085,13.06297622,13.17540761,565936000
20-11-2020,13.05076313,13.45636334,13.02807657,13.41597811,341088000
23-11-2020,13.10286331,13.3446773,12.97871491,13.13402499,361356000
24-11-2020,12.92113018,13.12480233,12.84858569,13.10535766,346500000
25-11-2020,13.19734573,13.23199751,12.98320332,12.9956678,259916000
27-11-2020,13.22377014,13.36960753,13.13327688,13.33719911,167276000
30-11-2020,13.36362362,13.37459316,12.93558703,13.22751,286952000
01-12-2020,13.35215664,13.49051457,13.190863,13.45411775,296948000
02-12-2020,13.50622082,13.63485595,13.19684737,13.31276886,283360000
03-12-2020,13.3620882,13.62541983,13.29525838,13.55310314,199520000
04-12-2020,13.52393055,13.52567611,13.35485925,13.41445761,202244000
07-12-2020,13.57230282,13.69648791,13.46582353,13.5668169,223244000
08-12-2020,13.31620502,13.56432505,13.24787791,13.55060978,271920000
09-12-2020,12.89801407,13.38004033,12.8356723,13.26682802,401300000
10-12-2020,12.93940926,13.03566535,12.81696973,12.83642109,207764000
11-12-2020,12.98030663,12.98703964,12.79053786,12.9344226,209264000
14-12-2020,13.27505875,13.35485615,13.04439435,13.05486772,270156000
15-12-2020,13.32667732,13.42991472,13.15336726,13.40572608,193016000
16-12-2020,13.20897579,13.4032326,13.17905105,13.38851946,223116000
17-12-2020,13.307477,13.34563014,13.14513876,13.33291179,231384000
18-12-2020,13.23840237,13.3710651,13.03741252,13.3451309,342064000
21-12-2020,13.29849815,13.33615283,12.93467163,13.04165034,302332000
22-12-2020,13.24463654,13.3034872,13.02095437,13.28553311,185580000
23-12-2020,12.97631454,13.24139168,12.97207573,13.22243973,179144000
24-12-2020,12.96085453,13.09925335,12.90599442,13.00424435,97884000
28-12-2020,12.86734295,13.02943196,12.73093987,13.02943196,212564000
29-12-2020,12.91048241,13.03940572,12.80973827,12.8922791,170372000
30-12-2020,13.11247158,13.18029928,12.86410233,12.95736482,225396000
31-12-2020,13.02194977,13.11770645,12.88230385,13.10324349,192424000
04-01-2021,13.08030224,13.61793825,12.92968448,13.07107597,560640000
05-01-2021,13.37081337,13.40946496,13.05386783,13.06658523,322760000
06-01-2021,12.58256531,13.21146898,12.55413785,13.1890259,580424000
07-01-2021,13.31021595,13.34388104,12.85387473,12.93466903,461480000
08-01-2021,13.24313736,13.38702208,13.00898187,13.32867085,292528000
11-01-2021,13.58701611,13.92565706,13.32867196,13.38477918,518344000
12-01-2021,13.45061111,13.7196788,13.31121538,13.71768305,291476000
13-01-2021,13.49749184,13.59050603,13.35111386,13.45584758,210028000
14-01-2021,13.16683483,13.56532344,13.14713518,13.54063633,283120000
15-01-2021,12.82694244,13.29151301,12.81597061,13.19450924,277780000
19-01-2021,12.99227619,13.06085158,12.81148447,12.9832982,226188000
20-01-2021,13.33191395,13.39649975,13.02369619,13.07855631,258572000
21-01-2021,13.83239174,13.96380829,13.21944743,13.38452812,337780000
22-01-2021,13.67778683,13.80671016,13.59275273,13.70521736,246820000
25-01-2021,13.61868668,13.79349309,13.20299172,13.74686136,251112000
26-01-2021,13.40124035,13.61020938,13.35361075,13.54612203,163980000
27-01-2021,12.88504791,13.19925004,12.76136128,13.19650661,371272000
28-01-2021,13.01796055,13.30598021,12.92768977,12.96334966,228316000
29-01-2021,12.95686722,13.30099414,12.87881537,13.04190131,271552000
01-02-2021,13.20349121,13.23715535,12.87008691,13.02020622,217204000
02-02-2021,13.52243137,13.53764202,13.25186732,13.36483136,220440000
03-02-2021,13.49624729,13.89648139,13.48228279,13.60147948,245408000
04-02-2021,13.62965965,13.63888592,13.30398624,13.49674674,201340000
05-02-2021,13.55659389,13.70247439,13.51145851,13.69025545,169152000
08-02-2021,14.40219593,14.43710717,13.69249706,13.69249706,434624000
09-02-2021,14.22714043,14.54632999,14.18649309,14.30444361,287560000
10-02-2021,14.7268734,14.86726701,14.30519409,14.42663575,485352000
11-02-2021,15.21214199,15.23358815,14.88721723,14.94232754,450828000
12-02-2021,14.92337513,15.25253964,14.73759595,15.01190034,374756000
16-02-2021,15.29144192,15.33358559,14.91215453,15.02611549,321960000
17-02-2021,14.86826515,15.18496151,14.74258372,15.13259369,274756000
18-02-2021,14.79146194,14.83559946,14.53810426,14.69171471,233868000
19-02-2021,14.88871288,15.13857845,14.80916471,14.98646436,271724000
22-02-2021,14.31940746,15.09493932,14.28873503,14.73734641,325884000
23-02-2021,14.10619926,14.2027046,13.35560371,14.03961772,391780000
24-02-2021,14.46229649,14.47002738,13.7211773,14.08699962,448320000
25-02-2021,13.27381039,14.33835877,13.18279193,14.00994197,824436000
26-02-2021,13.67978001,13.81942497,13.32717458,13.71768296,500932000
01-03-2021,13.80670738,13.88974667,13.51893794,13.83987306,353184000
02-03-2021,13.37231159,13.88525955,13.36208745,13.86481127,264116000
03-03-2021,12.7723341,13.41744629,12.76634877,13.39226073,377592000
04-03-2021,12.33893299,12.94215263,12.05315832,12.76834316,573344000
05-03-2021,12.42995358,12.51822956,11.64968346,12.51822956,542840000
08-03-2021,11.56390095,12.43967752,11.5372181,12.41848155,543112000
09-03-2021,12.49286556,12.58915394,12.03287344,12.10371824,521824000
10-03-2021,12.44097805,12.95160795,12.43025175,12.81241342,384376000
11-03-2021,12.96507835,13.01771356,12.70664505,12.92167356,299916000
12-03-2021,12.82787991,12.8605584,12.56246194,12.620584,243964000
15-03-2021,13.16239738,13.17786355,12.73932499,12.83661158,221988000
16-03-2021,13.26217937,13.48294503,13.08806058,13.3272861,272128000
17-03-2021,13.31206989,13.42382443,12.96108888,13.01122903,243864000
18-03-2021,12.69467258,13.15516334,12.68918477,13.10776757,293896000
19-03-2021,12.8176527,12.89323737,12.58491322,12.72211228,299208000
22-03-2021,13.15740871,13.36520327,12.87852003,12.88450742,297804000
23-03-2021,13.04216194,13.31531255,12.99276974,13.22525993,222048000
24-03-2021,12.61534691,13.13046838,12.60911115,13.1224855,245840000
25-03-2021,12.50783157,12.68693953,12.24515798,12.47216033,295144000
26-03-2021,12.81116867,12.82813169,12.34643758,12.52704147,363968000
29-03-2021,12.9199295,13.0339298,12.67222247,12.79220921,273520000
30-03-2021,12.8435955,12.94686948,12.67721028,12.81391071,200204000
31-03-2021,13.31905365,13.44103586,12.95410335,12.98703116,314776000
01-04-2021,13.78153992,13.83966198,13.48169633,13.54256373,308276000
05-04-2021,13.95690823,13.98335002,13.70296445,13.83717079,255672000
06-04-2021,13.83118248,14.02351088,13.7433756,13.96913046,191744000
07-04-2021,14.11256409,14.21234478,13.68150885,13.85038818,251284000
08-04-2021,14.28568554,14.43984762,14.21783348,14.22157608,244416000
09-04-2021,14.36850166,14.37648454,14.14399439,14.18290864,195172000
12-04-2021,15.17573452,15.31892098,14.10832444,14.25849557,869324000
13-04-2021,15.64520454,15.66565989,15.0926657,15.19818448,676212000
14-04-2021,15.24358654,15.68611608,15.19419434,15.59082497,385500000
15-04-2021,16.10195732,16.17878858,15.59731279,15.62824512,598480000
16-04-2021,15.87769508,16.13039127,15.83054769,16.01788689,335208000
19-04-2021,15.32814884,15.77292409,15.19968061,15.50251694,404420000
20-04-2021,15.13806629,15.46310318,14.93027175,15.2897333,334132000
21-04-2021,15.32690334,15.32889882,15.06921796,15.08568139,216776000
22-04-2021,14.81776714,15.40473058,14.75116263,15.34136907,277788000
23-04-2021,15.23186207,15.30145934,14.86766062,14.9015857,227500000
26-04-2021,15.44414711,15.44514533,15.09191948,15.15178867,197796000
27-04-2021,15.34810734,15.63622548,15.32091665,15.5444267,164572000
28-04-2021,15.24333572,15.49827768,15.18221996,15.33089423,209416000
29-04-2021,15.2912302,15.40273542,15.03853401,15.36631528,173196000
30-04-2021,14.97667217,15.33139488,14.9641997,15.14131221,201912000
03-05-2021,14.80429935,15.21340246,14.75515742,15.09191887,203912000
04-05-2021,14.31986046,14.60548448,13.97960669,14.60523517,405324000
05-05-2021,14.42687607,14.7811001,14.35603126,14.6768279,292024000
06-05-2021,14.49123478,14.53937944,14.18690253,14.46354546,193380000
07-05-2021,14.77985001,14.93800302,14.63965727,14.77585904,229328000
10-05-2021,14.23454571,14.77361382,14.21883023,14.75490464,268904000
11-05-2021,14.27495956,14.32335355,13.71992655,13.79476233,285584000
12-05-2021,13.72840595,14.22905846,13.67926403,13.97885639,303408000
13-05-2021,13.63536072,14.04995256,13.42956164,14.00305448,285404000
14-05-2021,14.2118454,14.29665951,13.71842689,13.85961785,258616000
17-05-2021,14.13451576,14.13825741,13.82319887,14.12603426,216980000
18-05-2021,13.98509407,14.37274454,13.97336955,14.23579479,186256000
19-05-2021,14.03498554,14.04870554,13.51362832,13.53682709,344000000
20-05-2021,14.5805378,14.65163191,14.23928586,14.27121545,321592000
21-05-2021,14.95895958,15.18870633,14.83697736,15.13058331,672992000
24-05-2021,15.57785225,15.71056076,15.14280509,15.17922523,554816000
25-05-2021,15.61352539,15.78390159,15.448637,15.73151665,435408000
26-05-2021,15.66565895,15.75920389,15.55215825,15.69983429,370440000
27-05-2021,15.45412159,15.71554858,15.42618296,15.66540844,581476000
28-05-2021,16.20896721,16.24189597,15.46709468,15.46709468,644536000
01-06-2021,16.22892189,16.35240188,15.86846218,16.23441065,472804000
02-06-2021,16.74155235,16.88174607,16.19999005,16.21670375,594168000
03-06-2021,16.93263245,17.22125111,16.54672909,16.66422171,580008000
04-06-2021,17.53980446,17.62237189,17.05811037,17.07507148,617120000
07-06-2021,17.58045959,17.77353685,17.15514342,17.53281547,575756000
08-06-2021,17.41881752,17.582957,17.21326682,17.48891342,323848000
09-06-2021,17.32425308,17.54057967,17.22195482,17.48144583,381656000
10-06-2021,17.39086723,17.45773733,17.14235633,17.31601529,287772000
11-06-2021,17.79034042,17.90411748,17.40958734,17.44526676,416308000
14-06-2021,17.98345757,18.00416697,17.62815583,17.8709293,321376000
15-06-2021,17.75366211,17.98096685,17.6932814,17.87991545,243032000
16-06-2021,17.77536774,17.91958546,17.5500599,17.7559071,307124000
17-06-2021,18.62070847,18.79810997,17.72147404,17.73968781,809656000
18-06-2021,18.60224342,19.3370513,18.54760022,18.74720925,968856000
21-06-2021,18.39115715,18.50019419,17.78784134,18.3991409,672384000
22-06-2021,18.84975433,18.92660508,18.3499856,18.43531884,580144000
23-06-2021,19.01992607,19.11523998,18.87071897,18.9705235,332356000
24-06-2021,19.16788483,19.38196515,19.05086402,19.19009238,320924000
25-06-2021,18.99372482,19.30760963,18.85749277,19.24273641,278364000
28-06-2021,19.94585609,20.03942247,19.28116022,19.32332714,495436000
29-06-2021,19.98752785,20.05938543,19.61850103,19.8435595,367632000
30-06-2021,19.9633255,20.12301199,19.82484717,19.96008174,326568000
01-07-2021,20.17241478,20.41593639,19.97979198,20.08558528,480136000
02-07-2021,20.44688034,20.46509602,20.24802126,20.40022277,342764000
06-07-2021,20.65795898,20.8011773,20.31039164,20.69688216,446708000
07-07-2021,20.33185005,20.83411452,20.29217876,20.81265699,418428000
08-07-2021,19.86376762,20.09356605,19.6621636,19.81760882,503300000
09-07-2021,20.01098061,20.04092254,19.7155608,19.92340298,296624000
12-07-2021,20.47232437,20.49253313,20.14820954,20.20035711,321984000
13-07-2021,20.21033669,20.42117322,20.07460339,20.36054125,290708000
14-07-2021,19.80264091,20.37776244,19.71406579,20.31788048,380100000
15-07-2021,18.92910385,19.80812955,18.82156494,19.77294887,550564000
16-07-2021,18.12543297,19.1194827,18.03760596,18.99323126,688224000
19-07-2021,18.74296379,19.00469907,17.83050336,17.88015719,749060000
20-07-2021,18.57554436,18.80110153,18.1284219,18.69331326,434687000
21-07-2021,19.37198257,19.48875399,18.70529168,18.84501686,371017000
22-07-2021,19.55562401,19.84804942,19.23824604,19.60353033,323826000
23-07-2021,19.51969147,19.66141352,19.2122942,19.61749908,195672000
26-07-2021,19.25620842,19.40391734,18.87695168,19.27317532,203943000
27-07-2021,19.17037773,19.58356639,18.70429148,19.22726529,248863000
28-07-2021,19.46480179,19.60752136,18.95779733,19.28116215,202191000
29-07-2021,19.62349319,19.81411911,19.29014579,19.4807717,190781000
30-07-2021,19.4608078,19.59154982,19.22526999,19.37996518,183497000
02-08-2021,19.71131897,19.92190616,19.3230809,19.66141766,217444000
03-08-2021,19.77619362,20.18239611,19.18235769,19.70133974,301811000
04-08-2021,20.23428917,20.27820361,19.78916171,19.95084505,231309000
05-08-2021,20.59658051,20.69239315,20.3021582,20.45984969,211435000
06-08-2021,20.32610893,20.52970984,20.17041435,20.48380041,178497000
09-08-2021,20.25524902,20.46783117,20.10354631,20.40595234,146443000
10-08-2021,19.89695358,20.3899855,19.79614967,20.28219723,179238000
11-08-2021,19.66041756,20.00973244,19.39194531,20.00374367,185925000
12-08-2021,19.86601448,19.98977026,19.58157284,19.83108318,151652000
13-08-2021,20.14846039,20.17441044,19.81212053,19.86601562,183063000
16-08-2021,19.91092682,20.24726667,19.4148986,20.09556395,210876000
17-08-2021,19.41988945,19.73127864,19.22926356,19.64644413,204585000
18-08-2021,19.00270844,19.59554487,18.96278587,19.46180655,285913000
19-08-2021,19.75922203,20.45485732,18.72525004,19.45581662,766555000
20-08-2021,20.77523232,20.82413614,19.89396223,19.9518473,675741000
23-08-2021,21.9149971,21.95392028,20.90897177,20.92993055,575807000
24-08-2021,21.75031662,21.91599187,21.4928225,21.71039595,297299000
25-08-2021,22.16949081,22.4259874,21.67945331,21.69442332,347701000
26-08-2021,22.02478218,22.29624885,21.74732675,22.15652364,237940000
27-08-2021,22.59166336,22.67749536,22.12358211,22.14054901,304722000
30-08-2021,22.64356041,22.99786461,22.50682962,22.78528247,262580000
31-08-2021,22.3450985,22.65454538,22.08057147,22.65454538,259850000
01-09-2021,22.40099907,22.65654327,22.31714916,22.44492126,201767000
02-09-2021,22.35607719,22.55272653,22.2552574,22.47785946,187834000
03-09-2021,22.80228233,22.94502708,22.16042884,22.28520603,280532000
07-09-2021,22.6216011,22.85817812,22.48184939,22.79229579,198107000
08-09-2021,22.29918289,22.56969976,21.93782672,22.47287253,254434000
09-09-2021,22.13746834,22.4978249,22.09155081,22.27222792,196856000
10-09-2021,22.43793297,22.58566797,22.23030355,22.30816363,248376000
13-09-2021,22.11251259,22.9230654,21.81903604,22.64356384,297500000
14-09-2021,22.20235062,22.3700504,22.04662857,22.23529083,199755000
15-09-2021,22.30117416,22.32712879,21.92684265,22.26923162,166538000
16-09-2021,22.20235062,22.23728807,21.88791162,22.14345578,156033000
17-09-2021,21.86096191,22.28121099,21.791087,22.26024852,294503000
20-09-2021,21.07536888,21.39479821,20.62517253,21.1083091,349440000
21-09-2021,21.20812607,21.38680592,20.91265421,21.37882076,204688000
22-09-2021,21.90188599,21.92085122,21.15821325,21.32791027,268726000
23-09-2021,22.44192505,22.49483007,21.85097936,22.10053372,248555000
24-09-2021,22.04163742,22.10951699,21.82203028,22.03065735,217655000
27-09-2021,21.62138557,21.76013771,21.28698371,21.67129568,245215000
28-09-2021,20.66210365,21.38082148,20.61418888,21.17618697,343069000
29-09-2021,20.48042679,20.97953549,20.43051478,20.90267309,218394000
30-09-2021,20.67907143,21.0284479,20.65112146,20.73097878,221009000
01-10-2021,20.70502663,20.82181674,20.16698597,20.71301179,240978000
04-10-2021,19.69682503,20.50538054,19.52014051,20.46744818,345635000
05-10-2021,20.41454315,20.61119247,19.81860727,19.91443681,279282000
06-10-2021,20.6631012,20.6830641,20.04420556,20.08413517,297202000
07-10-2021,21.03742981,21.28398922,20.93461279,21.0543978,256919000
08-10-2021,20.79386902,21.1682006,20.73796908,21.06338821,151258000
11-10-2021,20.65810776,21.02545177,20.47443575,20.53832274,163388000
12-10-2021,20.63415146,21.01946306,20.49140672,20.79087118,162134000
13-10-2021,20.90167236,20.95258204,20.67607541,20.88070989,180652000
14-10-2021,21.70723343,21.71621626,21.08434529,21.25004973,243589000
15-10-2021,21.82302856,21.89190581,21.62338622,21.77112121,226994000
18-10-2021,22.18238449,22.25126173,21.60541388,21.71022814,189494000
19-10-2021,22.25026512,22.33910526,21.99771588,22.23628824,161473000
20-10-2021,22.06359863,22.39301028,21.94281404,22.2652382,146276000
21-10-2021,22.65154839,22.67051552,22.04363474,22.05760973,187590000
22-10-2021,22.68548584,23.08876495,22.52078098,22.78231304,249384000
25-10-2021,23.12470436,23.31336662,22.72941037,22.93204761,230235000
26-10-2021,24.67293739,25.21397292,23.88135176,23.94623642,485898000
27-10-2021,24.40741539,25.04527629,24.23871601,24.43037511,245990000
28-10-2021,24.89653778,24.90552251,24.47928368,24.83365036,234204000
29-10-2021,25.52142334,25.66317041,24.95543465,24.95643231,292503000
01-11-2021,25.78095627,25.84783626,25.18202554,25.6032741,265740000
02-11-2021,26.35393524,26.63044187,25.75400678,25.77596883,294112000
03-11-2021,26.55058479,26.73625404,26.18823293,26.62245695,239910000
04-11-2021,29.74787521,31.30908629,27.06965756,27.18045974,1153631000
05-11-2021,29.69896698,31.34402818,29.35757565,30.13319105,851260000
08-11-2021,30.7490921,31.044564,29.85368976,30.09525897,503101000
09-11-2021,30.60235214,32.25240738,29.91058856,32.22445741,646746000
10-11-2021,29.40648842,30.79500968,28.72670256,29.30367328,636206000
11-11-2021,30.33582497,30.5354692,29.72391876,30.41368694,332172000
12-11-2021,30.33582497,30.62530891,29.57717954,29.95650321,413054000
15-11-2021,29.9714756,30.58937162,29.19486262,30.49753657,384909000
16-11-2021,30.14915848,30.3358254,29.6530447,29.70595162,264484000
17-11-2021,29.20883751,30.45461386,28.74865887,30.36377457,428508000
18-11-2021,31.6185379,32.70160295,31.26516882,32.30930574,781711000
19-11-2021,32.92620468,33.02902172,31.84812986,32.18552672,533867000
22-11-2021,31.8990345,34.5852375,31.84313457,33.45725077,754335000
23-11-2021,31.68941116,32.30231699,30.82495373,31.47878684,532163000
24-11-2021,32.61575699,32.7964341,30.87286902,31.40491987,435162000
26-11-2021,31.44684219,32.65168939,31.29411506,32.54188487,283069000
29-11-2021,33.31650162,33.35243674,31.97889022,32.30830377,454964000
30-11-2021,32.61774445,33.29353945,31.8071937,33.10986556,622066000
01-12-2021,31.38280487,33.23372849,31.32789589,33.16384502,484368000
02-12-2021,32.07265854,32.42407528,30.97348677,31.16217404,472890000
03-12-2021,30.64203835,32.07565484,30.07997152,31.94686742,544325000
06-12-2021,29.9871273,30.19078715,27.99144589,29.83038649,658938000
07-12-2021,32.3731575,32.39512414,30.60010724,30.90560083,593053000
08-12-2021,31.77315712,32.23638741,31.36882889,31.94587021,475551000
09-12-2021,30.43937302,32.15152742,30.37747569,31.68130691,488507000
10-12-2021,30.14786148,31.25302385,29.81142112,31.09828052,488825000
13-12-2021,28.11424255,30.24370238,28.06931719,30.19877702,598344000
14-12-2021,28.28995323,28.63038669,27.20475804,27.65301199,667035000
15-12-2021,30.40842438,30.44935667,27.79177609,28.3528432,698297000
16-12-2021,28.33986664,31.10826319,28.04635606,31.10027705,707366000
17-12-2021,27.75483894,28.87397789,27.71390666,27.93853344,713758000
20-12-2021,27.67297554,28.09726911,27.0999292,27.25966338,461847000
21-12-2021,29.02672386,29.07164922,27.35550172,28.32688761,524385000
22-12-2021,29.35118484,29.50592817,28.40176364,28.8430311,395184000
23-12-2021,29.59078979,30.00909478,29.38213715,29.70559864,343022000
27-12-2021,30.89361954,31.03538396,29.59078602,29.61075327,403686000
28-12-2021,30.27165413,31.27797988,29.96216748,31.26001011,420591000
29-12-2021,29.95118713,30.4972798,29.31724123,30.22273678,343139000
30-12-2021,29.53687668,30.40643078,29.49095353,29.77747575,308864000
31-12-2021,29.36216545,29.98013905,29.28229836,29.62472925,266530000
03-01-2022,30.07098961,30.66001017,29.73554704,29.76549791,391547000
04-01-2022,29.24136925,30.41741285,28.30193165,30.22672999,527154000
05-01-2022,27.55817032,29.3671622,27.48728905,28.90093659,498064000
06-01-2022,28.13121414,28.39078268,27.02006315,27.5941073,454186000
07-01-2022,27.20175934,28.37480953,27.01207428,28.09427596,409939000
10-01-2022,27.35450554,27.42339122,25.60142063,26.53686514,594681000
11-01-2022,27.77081299,28.01840231,26.79443809,27.27763373,404089000
12-01-2022,27.95250893,28.54751805,27.56215743,28.0203949,383413000
13-01-2022,26.53087997,28.432716,26.45400624,28.33188386,540171000
14-01-2022,26.8972683,27.15184599,26.16648327,26.25633399,395832000
18-01-2022,25.85999107,26.5937713,25.72721248,26.21639867,424270000
19-01-2022,25.02537727,26.4989263,25.01040279,26.03569795,488315000
20-01-2022,24.10990143,25.5365296,24.03802047,25.26198658,435181000
21-01-2022,23.33518791,24.78178125,23.22437217,23.46796649,718958000
24-01-2022,23.33319283,23.34117896,20.85331801,22.29292315,913982000
25-01-2022,22.28693199,22.90490557,21.96347056,22.5085635,664616000
26-01-2022,22.73418808,24.01705428,22.26297168,23.20141141,755959000
27-01-2022,21.90756607,23.95516134,21.63901169,23.52887025,573353000
28-01-2022,22.80207825,22.82004801,21.26064117,21.97545198,543774000
31-01-2022,24.44534302,24.46830554,23.01372404,23.14350735,564680000
01-02-2022,24.59708977,25.10324788,23.8503307,25.06231559,518925000
02-02-2022,25.2000885,25.77413262,24.51223144,25.751172,543419000
03-02-2022,23.90823746,25.03536261,23.74051713,24.4173909,410178000
04-02-2022,24.27862167,24.59409698,23.59276207,23.9321977,354829000
07-02-2022,24.68694305,25.14018782,24.16181543,24.33153325,376868000
08-02-2022,25.06630707,25.18810422,23.94017989,24.31855026,410359000
09-02-2022,26.6606617,26.68062895,25.31090713,25.57945962,524282000
10-02-2022,25.78111839,26.88029,25.55749132,25.95183588,513200000
11-02-2022,23.90923691,26.10858029,23.73353043,25.87297206,605472000
14-02-2022,24.22670937,24.8336997,23.71555841,23.89426207,440424000
15-02-2022,26.45100975,26.50092597,24.74285017,24.90757523,699869000
16-02-2022,26.46697998,26.53786314,25.5095727,26.21539951,732676000
17-02-2022,24.4663105,25.74218849,24.12487928,25.58744515,810595000
18-02-2022,23.60274887,24.94451737,23.0616489,24.62704454,761255000
22-02-2022,23.35116386,24.02404458,22.96181201,22.99675374,633422000
23-02-2022,22.34982872,24.11489476,22.26397297,23.76248023,566511000
24-02-2022,23.70856667,23.76048037,20.85531245,20.98010489,735801000
25-02-2022,24.11689186,24.17679171,23.34218118,23.68161683,528866000
28-02-2022,24.34451294,24.62404873,23.66763915,23.9521658,477319000
01-03-2022,23.43802071,24.33652797,23.09359419,24.25067031,412056000
02-03-2022,24.18390656,24.37262599,23.38010777,23.72059921,389642000
03-03-2022,23.67865753,24.28974492,23.43402184,24.22583923,365095000
04-03-2022,22.90181923,23.64470993,22.44849535,23.34915153,431415000
07-03-2022,21.32017708,22.99867344,21.29821051,22.78299385,450821000
08-03-2022,21.48193741,22.33965649,20.61922472,21.277243,557467000
09-03-2022,22.979702,23.18539437,22.21384486,22.35363561,492742000
10-03-2022,22.62423515,22.75404058,21.8493906,22.49742361,428066000
11-03-2022,22.06706619,23.11050897,22.01314581,22.98769118,367209000
14-03-2022,21.29821205,22.22882231,21.12746736,21.83640834,385354000
15-03-2022,22.93876266,23.00366633,21.2902241,21.48593114,491996000
16-03-2022,24.45949554,24.56034486,23.13746921,23.46497953,671422000
17-03-2022,24.72909355,24.8049786,23.87037455,24.08405634,471941000
18-03-2022,26.41357613,26.52940438,24.58730332,24.76204176,730719000
21-03-2022,26.69416046,27.11153873,25.92830324,26.46749945,591727000
22-03-2022,26.48447227,27.19740892,26.03314621,26.68716887,547007000
23-03-2022,25.5958004,26.5723417,25.53688831,26.08706588,502120000
24-03-2022,28.10804939,28.27779613,25.86839197,26.12700677,877379000
25-03-2022,27.65073013,28.31573796,27.23035802,27.84444126,579016000
28-03-2022,28.17694664,28.20790058,27.16545577,27.71463728,425494000
29-03-2022,28.6132946,28.90286143,27.93830144,28.65223604,488984000
30-03-2022,27.64873314,28.45353168,27.46201156,28.26181839,463487000
31-03-2022,27.24533653,28.20590281,27.22936153,27.74059766,523440000
01-04-2022,26.67218971,27.45502168,26.22785322,27.33420172,517235000
04-04-2022,27.31922722,27.5169321,26.5733407,26.68816909,397120000
05-04-2022,25.89235687,27.27828894,25.78152223,27.21338527,436615000
06-04-2022,24.37063026,25.26229924,23.96723294,24.8968454,703833000
07-04-2022,24.1719265,24.6851605,23.44301477,24.40457909,557992000
08-04-2022,23.08454704,23.88734976,23.02763278,23.88135818,524781000
11-04-2022,21.88433647,22.28673575,21.62771951,22.18089473,575207000
12-04-2022,21.47195435,22.69113548,21.25028505,22.50341591,662258000
13-04-2022,22.16991043,22.4664687,21.42302597,21.69561984,516943000
14-04-2022,21.22631836,22.74305558,21.13146062,22.47145968,569097000
18-04-2022,21.75053978,22.05508367,21.04758841,21.16840839,525701000
19-04-2022,22.16492081,22.33965926,21.28223735,21.68763248,512781000
20-04-2022,21.4499855,22.63621474,21.16840618,22.48344288,468974000
21-04-2022,20.15292168,22.35862922,19.97019384,21.67664654,656209000
22-04-2022,19.48591614,20.45546972,19.4709391,20.27274189,624713000
25-04-2022,19.87234116,19.91527634,19.06754255,19.17338358,641566000
26-04-2022,18.76000214,19.75851193,18.64217795,19.68861655,653143000
27-04-2022,18.38755798,19.13843622,18.26274426,18.57028393,499460000
28-04-2022,19.75251961,20.00714066,18.46244518,18.93873362,570327000
29-04-2022,18.51935768,20.09800067,18.48940171,19.3730829,500435000
02-05-2022,19.5038929,19.54483026,18.36359451,18.5133706,572049000
03-05-2022,19.57278442,19.79545354,19.10448356,19.37108582,475751000
04-05-2022,20.30369186,20.36959348,18.72305114,19.89330516,648855000
05-05-2022,18.81591606,19.89530439,18.47242887,19.83739217,626331000
06-05-2022,18.64716911,19.48292168,17.96319046,18.70807903,633297000
09-05-2022,16.92473984,18.22779337,16.80192205,18.00712397,644455000
10-05-2022,17.56877899,18.17088103,16.99962872,17.66263877,761474000
11-05-2022,16.60521507,17.72654254,16.5433091,17.32114747,670167000
12-05-2022,16.15089607,16.76298348,15.54380323,16.19483113,708728000
13-05-2022,17.67961311,17.9012824,16.56827279,16.76298189,670437000
16-05-2022,17.23827553,17.7614949,17.08051192,17.4829113,521446000
17-05-2022,18.14990997,18.34362109,17.60771996,18.04706284,585830000
18-05-2022,16.91275787,18.09099968,16.83886875,17.67861505,545161000
19-05-2022,17.09848213,17.66064287,16.70906202,16.91176053,621310000
20-05-2022,16.6691227,17.38405531,15.73152187,17.30617243,739105000
23-05-2022,16.87281799,16.88979286,16.15488964,16.24974738,639889000
24-05-2022,16.12992668,16.57226732,15.75648442,16.48539707,588550000
25-05-2022,16.94970131,17.0854983,15.97615404,15.99612469,781132000
26-05-2022,17.82439804,18.06503812,15.99812317,16.01210224,996575000
27-05-2022,18.78296661,18.85286199,18.07302578,18.15889806,738379000
31-05-2022,18.64417267,19.17138563,18.32265207,18.95171229,664100000
01-06-2022,18.29270172,19.02460931,18.0949968,18.69610097,544514000
02-06-2022,19.56280327,19.58976346,18.17088149,18.26474128,648656000
03-06-2022,18.69210243,19.30319184,18.49439754,19.05356439,598779000
06-06-2022,18.75800323,19.30818269,18.53633395,19.11047781,422406000
07-06-2022,18.89779854,18.97168767,18.16089738,18.44447458,388914000
08-06-2022,18.62414932,19.15546847,18.51129298,18.77495526,363252000
09-06-2022,18.02491188,18.90877995,18.01792087,18.45735852,395574000
10-06-2022,16.95228767,17.67436238,16.84742054,17.57748634,465248000
13-06-2022,15.6269846,16.29113389,15.58603668,15.97953272,604153000
14-06-2022,15.81574345,16.04544878,15.39228508,15.71087726,469680000
15-06-2022,16.50585938,16.84642278,15.90562738,16.07441087,563936000
16-06-2022,15.58104229,15.92160662,15.38129833,15.83971079,545749000
17-06-2022,15.85968494,15.9745376,15.30839107,15.62798139,630334000
21-06-2022,16.54480934,16.98624339,16.38601233,16.45392614,483089000
22-06-2022,16.33907509,16.64068886,16.15930502,16.20524571,437135000
23-06-2022,16.20424652,16.56378474,15.83272166,16.49786918,463680000
24-06-2022,17.10409355,17.11807558,16.28913731,16.47889482,472153000
27-06-2022,16.84742355,17.30783436,16.60473433,17.28985774,427968000
28-06-2022,15.96155548,17.17999412,15.92460216,16.8783804,461149000
29-06-2022,15.52211857,15.79976283,15.15059469,15.79377094,482352000
30-06-2022,15.13960838,15.54708645,14.84298839,15.34134964,686070000
01-07-2022,14.50442219,15.04373139,14.3735902,14.87994162,577610000
05-07-2022,14.94485664,14.95184766,14.03702006,14.15686644,651397000
06-07-2022,15.11064625,15.29940461,14.77008189,14.99079986,529066000
07-07-2022,15.83771324,15.92460184,15.36931335,15.43622803,492903000
08-07-2022,15.81774139,16.0164872,15.36931537,15.41026329,467972000
11-07-2022,15.13261795,15.50713825,15.01876346,15.50613912,437321000
12-07-2022,15.0627079,15.41126146,14.8579702,15.24846985,458483000
13-07-2022,15.14460278,15.35533332,14.44649748,14.57133759,521918000
14-07-2022,15.35233784,15.45320848,14.70916151,15.08867557,456235000
15-07-2022,15.7418375,15.76181142,15.42524262,15.63896957,385935000
18-07-2022,16.08040428,16.87538561,15.98153189,16.28114739,670517000
19-07-2022,16.97026253,17.0881116,16.15131187,16.46490934,702366000
20-07-2022,17.78422165,17.91006183,16.77950985,16.925323,760538000
21-07-2022,18.02690887,18.12078849,17.52255573,17.86212094,557049000
22-07-2022,17.2968483,17.94401828,17.11507997,17.87011353,536671000
25-07-2022,17.00222588,17.10209835,16.62770551,16.9972312,480748000
26-07-2022,16.51185417,16.89736013,16.45692422,16.86739782,397865000
27-07-2022,17.76724243,17.91305556,16.89136356,17.0102108,569776000
28-07-2022,17.96099472,18.11679531,17.41769187,17.95200736,474646000
29-07-2022,18.13976669,18.22066246,17.66936851,17.79021402,435460000
01-08-2022,18.4174099,18.8218925,17.96698661,18.15874044,476469000
02-08-2022,18.50230026,18.91377388,18.06885543,18.09881774,489527000
03-08-2022,18.86883163,18.94373646,18.1137982,18.16073896,418146000
04-08-2022,19.19042015,19.24934469,18.73600227,18.82488912,409652000
05-08-2022,18.96470833,19.20440108,18.64212158,18.78593646,386068000
08-08-2022,17.77023888,18.21566942,17.21994501,17.47961266,981859000
09-08-2022,17.06414413,17.42468241,16.70260769,17.22993215,668263000
10-08-2022,18.07384872,18.09482177,17.29484589,17.675359,597422000
11-08-2022,17.91904831,18.68307103,17.85313275,18.10780763,509327000
12-08-2022,18.68506622,18.69405549,17.93003281,18.13676874,478094000
15-08-2022,19.00765419,19.13948531,18.58919145,18.67707822,457666000
16-08-2022,18.85485077,19.11751484,18.47733403,18.89579869,451240000
17-08-2022,18.3115406,18.6640896,18.12178507,18.4993017,446799000
18-08-2022,18.7489872,18.84086857,18.15974175,18.27759084,415447000
19-08-2022,17.82616806,18.49630923,17.74726865,18.38245474,441588000
22-08-2022,17.01221085,17.53554072,16.94429704,17.46762692,409593000
23-08-2022,17.15902328,17.44266041,16.94829274,16.96726944,369986000
24-08-2022,17.19997215,17.38373682,16.87339074,16.99023976,522661000
25-08-2022,17.89008713,17.92404403,16.81146866,16.82245427,770691000
26-08-2022,16.23920059,17.90107158,16.2162293,17.83415785,769127000
29-08-2022,15.78078747,16.31710026,15.74683152,15.99950814,496132000
30-08-2022,15.44821548,16.01848427,15.16258105,15.9395858,530181000
31-08-2022,15.07469177,15.52012135,14.93986423,15.36432077,573710000
01-09-2022,13.91917324,14.36160643,13.25302659,14.19082468,1178865000
02-09-2022,13.6295433,14.15287223,13.57361423,14.0819639,743157000
06-09-2022,13.44777679,13.76137528,13.33392229,13.71343634,535751000
07-09-2022,13.70052719,13.82440592,13.33288868,13.54967551,512657000
08-09-2022,13.97625732,13.99424024,13.355868,13.44577879,624873000
09-09-2022,14.37286568,14.4597801,14.11212241,14.14309114,486612000
12-09-2022,14.49075031,14.53270887,14.18405175,14.35488424,484159000
13-09-2022,13.11810112,13.90832449,13.08613296,13.78844248,714956000
14-09-2022,13.11510372,13.27694428,12.90031478,13.24097939,588507000
15-09-2022,12.91629601,13.2199972,12.77743265,13.00221194,523625000
16-09-2022,13.18503475,13.19902094,12.60460518,12.72948238,670751000
19-09-2022,13.36885357,13.44977432,12.99721928,12.99921717,569685000
20-09-2022,13.16305637,13.46975496,13.04417379,13.20201857,524818000
21-09-2022,13.24797153,14.01721551,13.09711986,13.20001931,807679000
22-09-2022,12.54865932,13.13608194,12.41579057,13.05715908,759162000
23-09-2022,12.50370312,12.59861005,12.24495775,12.40779772,663309000
26-09-2022,12.21598625,12.64656352,12.20200007,12.47872835,547343000
27-09-2022,12.40080452,12.72348713,12.24595707,12.49471203,553854000
28-09-2022,12.72348881,12.81040324,12.3418641,12.39780884,542414000
29-09-2022,12.20799541,12.48772008,11.93426442,12.43577112,532763000
30-09-2022,12.12707424,12.62058936,12.06313699,12.07512528,565638000
03-10-2022,12.49970913,12.66554643,12.0931084,12.33487125,547478000
04-10-2022,13.15406418,13.20701256,12.86634701,12.86634701,584182000
05-10-2022,13.19602203,13.30791246,12.60860039,12.89831543,507131000
06-10-2022,13.11710167,13.64258497,13.09012777,13.20701341,644157000
07-10-2022,12.06413651,12.65755281,12.01018965,12.49271495,672478000
10-10-2022,11.65853405,12.11208751,11.39679139,12.02517309,698699000
11-10-2022,11.57461739,11.83436122,11.27191463,11.54964138,667482000
12-10-2022,11.48870182,11.7234706,11.33385437,11.56762468,492590000
13-10-2022,11.94824982,12.06613392,10.80237639,10.96022115,850103000
14-10-2022,11.21596909,12.09910033,11.19299192,12.04515349,713432000
17-10-2022,11.87631989,11.93626136,11.50568505,11.50668351,580774000
18-10-2022,11.95524502,12.47972894,11.60658786,12.33187455,659362000
19-10-2022,12.03916073,12.33786773,11.8223739,11.86732977,523131000
20-10-2022,12.18201923,12.75645409,12.09310598,12.10109849,652398000
21-10-2022,12.45375347,12.48572258,11.87532274,12.08611495,609494000
24-10-2022,12.58662224,12.69751325,12.052148,12.49571204,517457000
25-10-2022,13.24797153,13.28693373,12.65155793,12.68152914,505482000
26-10-2022,12.88333035,13.37484661,12.69551532,12.8563574,532953000
27-10-2022,13.16305637,13.82440672,13.10910952,13.61661087,583113000
28-10-2022,13.82040882,13.83639385,13.04816847,13.09112645,521040000
31-10-2022,13.4837389,13.82440442,13.28393559,13.76446295,486341000
01-11-2022,13.52969551,13.9113202,13.50571892,13.79743188,432817000
02-11-2022,13.20601273,14.19603928,13.19802116,13.83639331,672628000
03-11-2022,13.40781498,13.76746193,12.94327259,13.03018701,500065000
04-11-2022,14.14209175,14.21501998,13.68354214,13.9722587,612576000
07-11-2022,14.28695011,14.39784112,13.94029184,14.21402187,410061000
08-11-2022,14.58765507,14.87637071,14.20203365,14.78645897,595292000
09-11-2022,13.76246643,14.1970395,13.74548293,14.1480869,454414000
10-11-2022,15.73452663,15.7575038,14.53270844,14.78546014,700819000
11-11-2022,16.31096077,16.37290014,15.46679154,15.79147209,655487000
14-11-2022,16.2789917,16.52375185,15.90635799,16.20206768,527852000
15-11-2022,16.64962769,16.98130035,16.36590629,16.70557243,545876000
16-11-2022,15.89437008,16.3459257,15.85740672,16.14612333,649547000
17-11-2022,15.66159916,16.25002123,15.51973846,15.69956194,710894000
18-11-2022,15.39386177,15.98627959,15.10514519,15.95031375,492072000
21-11-2022,15.30195332,15.46179598,15.06518567,15.13212024,404739000
22-11-2022,16.02224541,16.04222622,15.10714486,15.31294283,472866000
23-11-2022,16.50277138,16.51076484,16.03223531,16.08218543,427241000
25-11-2022,16.25401306,16.47079889,16.15610979,16.30196623,167934000
28-11-2022,15.81145096,16.34093096,15.70955188,16.01025486,303741000
29-11-2022,15.62363625,15.91634862,15.50475367,15.81145128,298384000
30-11-2022,16.91069984,16.91769473,15.58566343,15.68559018,565298000
01-12-2022,17.12254524,17.25244991,16.62290868,16.98664442,470977000
02-12-2022,16.86373329,16.92069297,16.4330468,16.64689196,371389000
05-12-2022,16.597929,16.98264942,16.46002881,16.6668791,352255000
06-12-2022,15.97537994,16.56095349,15.80750184,16.51798547,352694000
07-12-2022,16.108284,16.17423601,15.65561224,15.76053641,372388000
08-12-2022,17.15652275,17.16651571,15.94740115,16.26117403,515456000
09-12-2022,16.98864174,17.57021943,16.96266157,17.14752656,465338000
12-12-2022,17.52225685,17.52525493,16.78479421,17.02461956,457328000
13-12-2022,18.0588665,18.7763451,17.6981288,18.51753255,656589000
14-12-2022,17.66115189,18.23873274,17.40733682,17.97392408,496888000
15-12-2022,16.93967819,17.30741074,16.68786245,17.13353743,478542000
16-12-2022,16.55895615,17.02861579,16.39807385,16.85174438,478232000
19-12-2022,16.24218559,16.59692711,16.13326557,16.55995525,354039000
20-12-2022,16.07331085,16.29814774,15.84048131,16.0523262,403260000
21-12-2022,16.48900604,16.61491582,16.09029588,16.10228819,325025000
22-12-2022,15.32785034,16.12627031,14.87118274,16.08230167,565045000
23-12-2022,15.1949482,15.32785095,14.87218301,15.18495524,349326000
27-12-2022,14.11073685,15.08902538,14.04578356,15.06304425,464902000
28-12-2022,14.0257988,14.25163437,13.87390885,13.91687781,351066000
29-12-2022,14.59238625,14.67232803,14.21666007,14.39153307,354923000
30-12-2022,14.60337734,14.61836583,14.22265377,14.32358019,310490000
03-01-2023,14.30459595,14.98510173,14.08575525,14.84020665,401277000
04-01-2023,14.7382803,14.8422048,14.23065008,14.55641336,431324000
05-01-2023,14.25463295,14.55341543,14.1377174,14.48046853,389168000
06-01-2023,14.84819984,14.99909011,14.02379969,14.46347946,405044000
09-01-2023,15.61664104,16.04432945,15.12999456,15.27289122,504231000
10-01-2023,15.8974371,15.95039807,15.46075445,15.49572886,384101000
11-01-2023,15.98936844,16.01634924,15.55168709,15.82848617,353285000
12-01-2023,16.49900055,16.62490843,15.48074104,16.08829994,551409000
13-01-2023,16.88671684,16.90970084,16.15325111,16.26616794,447287000
17-01-2023,17.6891346,17.71511668,16.88671869,16.88671869,511102000
18-01-2023,17.36437225,17.86001017,17.26944007,17.65416051,439624000
19-01-2023,16.75281334,17.18450044,16.71883956,17.02361626,452932000
20-01-2023,17.82603455,17.84302239,16.81277163,16.99863535,564967000
23-01-2023,19.17904854,19.23101078,17.80504809,18.05086764,655163000
24-01-2023,19.25099754,19.48083183,18.80632128,18.81331616,496204000
25-01-2023,19.30895233,19.35591905,18.56649245,18.89925055,449537000
26-01-2023,19.78760719,20.15134294,19.26398789,19.68668077,489535000
27-01-2023,20.35019875,20.61300809,19.39089738,19.44785516,542142000
30-01-2023,19.1480751,20.1253631,19.13608279,19.93550255,488611000
31-01-2023,19.52280045,19.67269104,18.93622721,19.15606662,498017000
01-02-2023,20.92778015,21.17659783,19.59674747,19.67668925,660477000
02-02-2023,21.69322205,21.93304739,20.68495649,20.9847377,564276000
03-02-2023,21.0846653,21.72919698,20.7738905,20.9847376,429366000
06-02-2023,21.07366943,21.55431875,20.77088831,20.79087422,452197000
07-02-2023,22.15688515,22.24282309,21.13462794,21.36645967,664150000
08-02-2023,22.18885994,22.8613711,21.99200263,22.37072686,559651000
09-02-2023,22.32076263,23.00326671,22.10392132,22.5895681,523876000
10-02-2023,21.24954414,22.06195299,20.79587554,21.6742364,550737000
13-02-2023,21.77216339,22.03197464,20.94676356,21.5223451,474919000
14-02-2023,22.95430374,23.03224616,21.35046892,21.56231472,675474000
15-02-2023,22.74745369,22.83838715,22.08993292,22.53260981,420575000
16-02-2023,21.98600769,22.53360778,21.91106145,22.11691108,412026000
17-02-2023,21.37245369,21.72419711,20.95975379,21.61527708,465888000
21-02-2023,20.63998795,21.47837693,20.60301418,20.9847365,410015000
22-02-2023,20.7389164,21.08866241,20.40615823,20.69195158,513184000
23-02-2023,23.64679718,23.87063528,23.00826176,23.42296099,1117995000
24-02-2023,23.26907539,23.45694039,22.93032298,23.20812081,589716000
27-02-2023,23.48391724,23.86264146,23.43695242,23.65279502,452994000
28-02-2023,23.19912529,23.8076838,23.18913233,23.35501204,455963000
01-03-2023,22.68150139,23.23909636,22.49163896,23.17514179,460026000
02-03-2023,23.29705429,23.36300631,22.41569537,22.47165633,389415000
03-03-2023,23.8726368,23.88262976,23.11318891,23.30305136,412393000
06-03-2023,23.53688049,24.23037439,23.46992785,23.87363544,437429000
07-03-2023,23.27502632,24.11155992,23.22805162,23.58685278,515154000
08-03-2023,24.16753006,24.18652048,23.41095177,23.4739164,513573000
09-03-2023,23.42294502,24.44037756,23.36997314,24.16153175,501257000
10-03-2023,22.95220566,23.61383749,22.71333849,23.39595854,474866000
13-03-2023,22.95320511,23.28502088,22.28457909,22.73932553,421890000
14-03-2023,24.04959297,24.20550619,23.44692829,23.48290944,474910000
15-03-2023,24.21450233,24.27246868,23.3469859,23.74776156,524486000
16-03-2023,25.52677345,25.57374625,23.8806896,24.01361685,583253000
17-03-2023,25.71066666,26.3842909,25.6536973,25.96752343,848547000
20-03-2023,25.88557243,26.00950391,25.11600089,25.60073134,432747000
21-03-2023,26.18440437,26.37729765,25.36686118,26.16541586,547408000
22-03-2023,26.4532547,27.57363046,26.22238249,26.41027748,797295000
23-03-2023,27.17585373,27.48368273,26.67513335,27.09989585,564889000
24-03-2023,26.76408195,27.15186631,26.34031836,27.01594239,454920000
27-03-2023,26.51621819,26.98495674,26.35031031,26.82204745,361026000
28-03-2023,26.39528847,26.49823173,25.83560094,26.43226851,356104000
29-03-2023,26.96896553,27.06291302,26.58218201,26.81005562,393694000
30-03-2023,27.36774254,27.48367904,27.08689896,27.21382901,364516000
31-03-2023,27.7615242,27.81849165,27.08989773,27.12487807,433933000
03-04-2023,27.94941902,27.98439937,27.32076977,27.49367371,398716000
04-04-2023,27.43770409,27.98440022,27.29178552,27.95041876,368592000
05-04-2023,26.86602402,26.98295751,26.38029473,26.81405294,515015000
06-04-2023,27.02193832,27.06491364,26.41227755,26.56918967,397654000
10-04-2023,27.56363678,27.6056132,26.65414387,26.80805741,395279000
11-04-2023,27.15386581,27.77452017,27.11088859,27.70855695,314378000
12-04-2023,26.48023987,27.45269736,26.43326517,27.35475239,446259000
13-04-2023,26.44825363,26.87201716,26.31432943,26.71910253,353615000
14-04-2023,26.74309158,26.86802194,26.20539122,26.48923339,395660000
17-04-2023,26.98695946,26.99095694,26.41827617,26.55020261,321471000
18-04-2023,27.65158653,28.09434053,27.34175977,27.51766231,604812000
19-04-2023,27.9154377,27.9843995,27.21682775,27.34575559,358660000
20-04-2023,27.08890152,28.01438628,26.98495936,27.6555851,427713000
21-04-2023,27.10389137,27.1678568,26.70711318,26.93698459,345103000
24-04-2023,27.02693367,27.35075256,26.65614008,26.9979505,339282000
25-04-2023,26.22637939,27.23181943,26.21038947,27.06291296,378527000
26-04-2023,26.94098282,27.31477502,26.69012319,26.98695863,406337000
27-04-2023,27.2108326,27.47968375,26.61016757,27.34775731,377161000
28-04-2023,27.7335434,27.74253725,27.05591966,27.20983511,292216000
01-05-2023,28.8938961,29.04181438,27.76452639,27.82449243,570329000
02-05-2023,28.19428253,28.81993513,28.06735438,28.6640219,402730000
03-05-2023,27.78650856,28.35119427,27.45669251,27.82448749,383387000
04-05-2023,27.54664612,27.84347964,27.22482499,27.63559533,321850000
05-05-2023,28.66402054,28.73897761,27.71554989,27.81049627,361494000
08-05-2023,29.134758,29.2037198,28.33420557,28.50610872,344979000
09-05-2023,28.55508232,28.9568588,28.43415135,28.88290062,314869000
10-05-2023,28.86891174,29.09678539,28.44514812,28.98884384,369350000
11-05-2023,28.56207657,28.93387095,28.23026272,28.87990018,322149000
12-05-2023,28.32421112,28.76396652,28.03037429,28.513105,274222000
15-05-2023,28.93687057,28.95286241,28.13631809,28.49211877,293926000
16-05-2023,29.19672394,29.8533594,28.81593759,28.82493145,449405000
17-05-2023,30.16118813,30.18217634,29.41360563,29.56751916,432535000
18-05-2023,31.66034889,31.81026493,30.30310575,30.39305576,748725000
19-05-2023,31.24658203,31.56240596,30.89877634,31.51842985,473908000
22-05-2023,31.15863037,31.50243857,30.66290644,30.88378207,372000000
23-05-2023,30.67090416,31.27057029,30.61393671,30.98273063,356253000
24-05-2023,30.52098656,30.58994836,29.78939402,30.19316827,721419000
25-05-2023,37.95883942,39.45800371,36.61458755,38.50153616,1543911000
26-05-2023,38.92430496,39.14817921,37.52908267,37.86889343,714397000
30-05-2023,40.08865738,41.91463937,39.92674887,40.57238894,923401000
31-05-2023,37.81292343,40.27255102,37.80092908,39.46600137,1002580000
01-06-2023,39.7478447,40.02768749,38.31864104,38.46755629,635873000
02-06-2023,39.30509567,40.47744268,39.03624449,40.07466726,482731000
05-06-2023,39.14917755,39.54295523,38.68543536,38.88732249,396094000
06-06-2023,38.63246155,39.13818013,38.12674297,38.80836598,388729000
07-06-2023,37.45799255,39.48107615,37.33904707,38.89734153,511998000
08-06-2023,38.49253082,38.84637035,37.48798942,37.70688804,417772000
09-06-2023,38.7524147,39.69298595,38.54950767,39.01929189,427717000
12-06-2023,39.46408844,39.512067,38.60048196,39.18221868,388701000
13-06-2023,41.00338745,41.08235399,39.72197142,40.16776821,613208000
14-06-2023,42.9774971,42.98049409,40.53360271,40.80548249,740465000
15-06-2023,42.63365173,43.26936482,42.12788075,42.58267618,568622000
16-06-2023,42.67263031,43.70116274,42.64164233,43.4302858,655709000
20-06-2023,43.78812408,43.97004454,42.65463968,42.978494,451153000
21-06-2023,43.02547455,43.59521953,42.0609159,43.481269,551603000
22-06-2023,43.00548172,43.40629696,42.21484022,42.23382879,417737000
23-06-2023,42.18985367,42.78957998,41.99594142,42.44473907,358140000
26-06-2023,40.61356354,42.74459613,40.08180343,42.44173221,594322000
27-06-2023,41.85700226,41.9209724,40.42965249,40.78049118,462175000
28-06-2023,41.09835052,41.82602096,40.4996232,40.64155708,582639000
29-06-2023,40.80347824,41.58112515,40.58157884,41.53914439,380514000
30-06-2023,42.28281021,42.53069882,41.48217485,41.66109451,501148000
03-07-2023,42.39375687,42.87853745,42.18285405,42.49770978,198209000
05-07-2023,42.29780197,43.15740858,42.06590497,42.11588153,323618000
06-07-2023,42.08390045,42.15986619,41.3272439,41.82501908,303582000
07-07-2023,42.48371506,43.19439483,42.16086355,42.30279742,355881000
10-07-2023,42.16085815,42.79157231,41.63009709,42.63764287,353908000
11-07-2023,42.38575745,42.73859791,42.04791338,42.46172317,298244000
12-07-2023,43.88208008,43.91506605,42.75759054,43.0134749,481277000
13-07-2023,45.95614243,46.13405926,44.47181553,44.49780471,478204000
14-07-2023,45.44836807,48.06617906,45.03955328,46.56186096,772075000
17-07-2023,46.43991852,46.47490249,45.24146502,46.26799949,510488000
18-07-2023,47.47245407,47.87427213,45.71325416,46.67981454,569164000
19-07-2023,47.05564117,47.79630612,46.72079408,47.44246663,427502000
20-07-2023,45.49934387,47.06563412,45.04155153,46.48589549,537865000
21-07-2023,44.28889465,45.84519125,44.07998984,45.76722371,963769000
24-07-2023,44.59176254,45.08853874,44.02002342,44.71070804,382516000
25-07-2023,45.6582756,46.16204474,44.90261809,44.92061148,348081000
26-07-2023,45.43138123,46.03211033,44.60975551,46.00012335,364237000
27-07-2023,45.87917709,47.37349776,45.72924362,46.49789574,455976000
28-07-2023,46.7287941,47.00566888,46.359962,46.64683056,331194000
31-07-2023,46.707798,47.10861704,46.48489961,46.73278819,251055000
01-08-2023,46.48589706,46.87872029,46.00611533,46.43891751,237858000
02-08-2023,44.24891663,45.81920303,43.36731681,45.81020824,530142000
03-08-2023,44.49480438,45.09753146,43.7801286,43.7801286,324176000
04-08-2023,44.65972519,45.62128663,44.37285668,44.96458709,362666000
07-08-2023,45.39639282,45.51933811,44.54278022,45.09053191,322154000
08-08-2023,44.64374542,45.2214824,44.03601945,44.83265888,353843000
09-08-2023,42.53469467,44.29189651,42.11488324,44.25391174,586449000
10-08-2023,42.36877441,43.5542373,41.81602384,42.14087719,492705000
11-08-2023,40.83646774,41.99894222,40.62056612,41.73206123,533085000
14-08-2023,43.73314667,43.78012623,40.29271085,40.46763068,690286000
15-08-2023,43.92006302,45.24746343,43.69016783,44.53978447,676512000
16-08-2023,43.46627045,44.65473017,43.38630491,44.49980172,527451000
17-08-2023,43.32433319,44.04200588,42.98148652,43.95004858,452395000
18-08-2023,43.2793541,43.55822684,41.64109781,42.6156539,583768000
21-08-2023,46.94569397,47.04364909,44.20194022,44.47381619,692573000
22-08-2023,45.64728165,48.16513989,45.31243454,48.11316153,755293000
23-08-2023,47.09462738,47.17858891,45.18749198,45.84519443,779046000
24-08-2023,47.14160156,50.24319445,47.13760557,50.1932179,1156044000
25-08-2023,45.99712372,47.78331173,45.00357139,46.99067223,925341000
28-08-2023,46.81375122,46.9586859,44.86763593,46.46091073,685192000
29-08-2023,48.76186752,49.05873366,46.36995165,46.64482841,701397000
30-08-2023,49.24164581,49.90434317,48.40302582,49.02174442,735206000
31-08-2023,49.33260727,49.72143072,48.93578803,49.35759745,528570000
01-09-2023,48.48699188,49.77740656,48.1201578,49.7394256,463830000
05-09-2023,48.52597046,48.82883437,47.83828293,48.20111717,382653000
06-09-2023,47.04352188,48.53096819,46.56270154,48.4230104,468670000
07-09-2023,46.22382736,46.32678975,45.13523111,45.50809368,433330000
08-09-2023,45.5550766,46.58869305,45.25418968,45.92494195,473069000
11-09-2023,45.16122818,46.14585928,44.29554857,46.13086546,473966000
12-09-2023,44.85333633,45.65603954,44.51446152,44.72138538,349256000
13-09-2023,45.46811295,45.91294742,44.48647528,44.58343939,398355000
14-09-2023,45.56407928,45.96992679,45.11424559,45.93294177,370097000
15-09-2023,43.88369751,45.58206402,43.79172881,45.32416042,506831000
18-09-2023,43.9496727,44.22557118,41.98440318,42.7321265,500271000
19-09-2023,43.50383759,43.94967109,42.98602841,43.81672107,373064000
20-09-2023,42.22331619,43.88669986,42.20732329,43.58381095,367108000
21-09-2023,41.0017662,42.0843642,40.9647812,41.56755791,450736000
22-09-2023,41.59454727,42.09936079,41.21568641,41.55655937,479236000
25-09-2023,42.20632172,42.52020429,41.16170778,41.57555551,419091000
26-09-2023,41.89543533,42.80409817,41.63952988,41.98540206,402282000
27-09-2023,42.45222855,42.85608167,41.61354321,42.31428312,444935000
28-09-2023,43.07300186,43.42986775,42.09936448,42.44423379,424663000
29-09-2023,43.48284912,44.12761009,43.29091907,43.81072645,397830000
02-10-2023,44.76536942,45.1582212,43.84471004,44.01364599,433298000
03-10-2023,43.50083542,45.1132391,43.22993616,44.79135629,470850000
04-10-2023,44.02465057,44.1266139,43.27592808,43.72576179,361821000
05-10-2023,44.67140579,44.88332887,43.87170362,44.03364221,393483000
06-10-2023,45.74500656,45.77199696,44.00965119,44.17658899,434436000
09-10-2023,45.25618362,45.58806105,44.35152098,44.82534395,409675000
10-10-2023,45.78099442,46.24182177,45.07125897,45.29317666,368582000
11-10-2023,46.78862,46.84160172,46.03290019,46.17884589,378137000
12-10-2023,46.92756653,47.59132141,46.31279705,46.75962965,481325000
13-10-2023,45.44411469,47.09850262,45.26318215,46.94255852,474115000
16-10-2023,46.07788467,46.20783366,44.89532149,45.04626639,375099000
17-10-2023,43.92168427,44.73738315,42.46422548,43.98366152,812333000
18-10-2023,42.18033218,43.20295498,41.80947155,42.57518598,627294000
19-10-2023,42.08536911,43.28092417,41.86644866,42.79510456,501233000
20-10-2023,41.37163162,42.45422962,41.06274445,41.87444318,477266000
23-10-2023,42.9590416,43.23194285,40.92979657,41.21369151,478530000
24-10-2023,43.64678574,43.68077351,42.67515034,43.06100479,401463000
25-10-2023,41.76348495,43.63379237,41.53956911,43.38188323,398379000
26-10-2023,40.31102753,42.24031124,39.86519398,41.83746099,541001000
27-10-2023,40.48496246,41.19070161,40.00014193,41.11472961,416784000
30-10-2023,41.14571381,41.75048868,40.46596602,41.07174379,388028000
31-10-2023,40.76485825,40.86382433,39.21543448,40.43498275,517969000
01-11-2023,42.30928802,42.36526699,40.85382727,40.86882109,437593000
02-11-2023,43.48984528,43.86770326,42.87807302,43.31190997,409172000
03-11-2023,44.98828888,45.29217303,43.70676344,44.00365404,424610000
06-11-2023,45.7340126,45.91794621,44.88232775,45.26818602,400733000
07-11-2023,45.93793869,46.20083771,45.14123373,45.70202626,343165000
08-11-2023,46.55670547,46.84959593,45.95092771,46.08287866,346719000
09-11-2023,46.93256378,48.21208718,46.7326373,47.44937006,540496000
10-11-2023,48.31705093,48.4540011,47.26544343,47.48236191,421245000
13-11-2023,48.60194397,49.09776198,48.08113753,48.30205614,384136000
14-11-2023,49.63755798,49.81549328,49.02178943,49.66155115,416954000
15-11-2023,48.86984634,49.94144686,48.1821021,49.91645843,475497000
16-11-2023,49.46162796,49.50661323,48.31205724,48.66092668,339756000
17-11-2023,49.27969742,49.69854057,48.98880509,49.50561144,325205000
20-11-2023,50.39028168,50.52923,49.16273704,49.29368891,414120000
21-11-2023,49.92545319,50.49823845,49.20372118,50.10738481,565747000
22-11-2023,48.69790649,50.31630468,47.67228657,49.83348617,899420000
24-11-2023,47.75826263,48.90283797,47.7272721,48.45200521,294645000
27-11-2023,48.22408676,48.51197802,47.6343057,47.78224955,395662000
28-11-2023,47.80324173,48.30505804,47.45537138,48.21808854,401491000
29-11-2023,48.12212753,48.74389826,47.8422327,48.36104103,382005000
30-11-2023,46.75262833,48.09213075,46.40475801,48.00616035,526247000
01-12-2023,46.74762726,47.18246704,46.16984286,46.50771855,369317000
04-12-2023,45.4930954,46.05988615,44.9932811,46.05988615,437543000
05-12-2023,46.55280304,46.58678999,45.25816812,45.45311254,371718000
06-12-2023,45.49010086,47.37356954,45.39912705,47.20161741,380590000
07-12-2023,46.58279037,46.61578196,45.59107103,45.68704449,350823000
08-12-2023,47.49253464,47.72746864,46.53680434,46.58179357,359224000
11-12-2023,46.61378479,47.51752792,45.81701359,47.47754216,509728000
12-12-2023,47.64348984,47.65248616,46.03294653,46.03294653,372387000
13-12-2023,48.07437515,48.58023229,47.59451162,47.61550558,447792000
14-12-2023,48.33629227,48.65620125,47.40855775,48.37628184,391232000
15-12-2023,48.87614441,49.38999869,48.10636216,48.1803425,479948000
18-12-2023,50.06280518,50.41870326,49.1360698,49.38599893,412587000
19-12-2023,49.58993912,49.68591258,48.88114046,49.40998984,464444000
20-12-2023,48.0973587,49.98482387,48.0843619,49.64091964,397894000
21-12-2023,48.97611618,49.08108596,48.40527506,48.79716606,300425000
22-12-2023,48.81616211,49.36900296,48.45326222,49.18105652,252507000
26-12-2023,49.26502991,49.58593806,48.94612009,48.95411724,244200000
27-12-2023,49.40299225,49.66591819,49.07108562,49.49696737,233648000
28-12-2023,49.50796509,49.86986201,49.39799565,49.62893299,246587000
29-12-2023,49.50796509,49.98283276,48.73718368,49.79888299,389293000
02-01-2024,48.15434647,49.28102593,47.58151083,49.2300417,411254000
03-01-2024,47.55551529,48.17033881,47.30658533,47.47153947,320896000
04-01-2024,47.98439789,48.48625452,47.49453508,47.75346055,306535000
05-01-2024,49.08308029,49.53295347,48.29230419,48.448262,415039000
08-01-2024,52.23818588,52.26018282,49.46497398,49.49796557,642510000
09-01-2024,53.12493896,54.3096045,51.67534915,52.38614999,773100000
10-01-2024,54.33459091,54.58452004,53.47383493,53.60080165,533796000
11-01-2024,54.80646133,55.3303149,53.54482178,54.98341312,596759000
12-01-2024,54.69448853,54.95441695,54.314599,54.60451389,352994000
16-01-2024,56.3660202,56.81889093,54.88444179,55.00240837,449580000
17-01-2024,56.03711319,56.45499398,54.72448563,56.33102857,474394000
18-01-2024,57.0908165,57.58367683,56.09109986,57.24377302,491650000
19-01-2024,59.47414017,59.48313649,57.20877974,57.97256315,543501000
22-01-2024,59.63709259,60.31390267,59.05325847,60.0319811,452955000
23-01-2024,59.85603333,59.89302159,58.56839633,59.55311779,294654000
24-01-2024,61.34460831,62.83118637,59.92101211,60.28690951,560271000
25-01-2024,61.59953308,62.70122187,60.83274841,62.33232318,482777000
26-01-2024,61.01370239,61.765492,60.55583582,60.94272337,390309000
29-01-2024,62.44729233,62.47128379,60.88973534,61.21464016,348733000
30-01-2024,62.7562027,63.47500064,62.24234847,62.88217024,410735000
31-01-2024,61.50955963,62.25134988,60.68279439,61.42258249,453795000
01-02-2024,63.0091362,63.17309118,61.63252759,62.08239699,369146000
02-02-2024,66.14125061,66.58112071,63.6719457,63.95586559,476578000
05-02-2024,69.31235504,69.4773092,67.18595884,68.20566646,680078000
06-02-2024,68.20366669,69.73423107,66.2812151,69.61026566,683111000
07-02-2024,70.07912445,70.20009234,67.58083242,68.29963034,495575000
08-02-2024,69.62125397,70.77392694,69.43530969,70.05412986,414422000
09-02-2024,72.11256409,72.16454368,70.19210316,70.51301135,436637000
12-02-2024,72.2275238,74.58985302,71.22980557,72.57942141,613710000
13-02-2024,72.1075592,73.42918318,69.6002743,70.38005205,602580000
14-02-2024,73.87906647,74.21496982,71.91762429,73.18126616,504917000
15-02-2024,72.63739777,73.95402572,72.37947531,73.8480606,420122000
16-02-2024,72.59241486,74.38090918,72.48044709,74.07899284,495327000
20-02-2024,69.43231201,71.93559987,67.71479679,71.92659973,704833000
21-02-2024,67.45288086,68.86847998,66.22922868,67.98672612,690298000
22-02-2024,78.51574707,78.55273152,74.19896985,75.00374204,865100000
23-02-2024,78.79465485,82.37063653,77.54800675,80.76709503,829388000
26-02-2024,79.06958771,80.62314815,78.48274845,79.67740948,503973000
27-02-2024,78.67868805,79.45747419,77.14013045,79.3584956,391705000
28-02-2024,77.64099121,78.91062792,77.10314167,77.59800413,393110000
29-02-2024,79.08957672,79.96732622,78.32779166,79.07158408,507289000
01-03-2024,82.25567627,82.27667404,79.41248067,79.97732295,479135000
04-03-2024,85.21283722,87.67014063,83.69526979,84.10614876,615616000
05-03-2024,85.94366455,86.07663633,83.3972699,85.24982845,520639000
06-03-2024,88.67901611,89.70277597,87.00941296,88.00118271,582520000
07-03-2024,92.64707947,92.74505586,89.58080357,90.13667181,608119000
08-03-2024,87.50730133,97.37696846,86.48553984,95.11550233,1142269000
11-03-2024,85.75370789,88.77598764,84.14608663,86.40855169,678364000
12-03-2024,91.89126587,91.93825183,86.12962825,88.02818124,668075000
13-03-2024,90.86650085,91.48235245,88.41407818,91.03346117,635713000
14-03-2024,87.92319489,90.62455914,86.57951107,89.55581179,602318000
15-03-2024,87.81622314,89.52481857,86.23660264,86.90943998,642086000
18-03-2024,88.4340744,92.38313683,87.06439578,90.36661573,668976000
19-03-2024,89.37686157,90.52258666,84.98989877,86.67949393,672171000
20-03-2024,90.35062408,90.38861711,88.20213036,89.77575552,479063000
21-03-2024,91.41336823,92.62608635,90.3836131,92.2781691,480372000
22-03-2024,94.26670074,94.7555835,90.81251607,91.11944267,586719000
25-03-2024,94.97952271,96.74310531,93.48787893,93.91877671,552136000
26-03-2024,92.53910065,96.35220139,92.4801165,95.82832328,513648000
27-03-2024,90.22865295,93.21794359,89.10192062,93.08997551,586067000
28-03-2024,90.33462524,91.27840214,89.17189839,89.97870666,435212000
01-04-2024,90.3416214,92.20318041,89.18289901,90.27764118,452441000
02-04-2024,89.43083954,90.07268594,87.59927225,88.42707165,433064000
03-04-2024,88.94295502,90.35262518,88.37909305,88.46307282,370067000
04-04-2024,85.88467407,90.61255912,85.85967846,90.38460861,434965000
05-04-2024,87.98718262,88.46007029,85.90567444,86.84544687,399678000
08-04-2024,87.11238861,88.80898572,86.71148251,88.67901159,283220000
09-04-2024,85.33380127,87.61426744,83.00235992,87.42131231,503547000
10-04-2024,87.01840973,87.37932438,83.68919571,83.90614724,431929000
11-04-2024,90.59456635,90.71753835,86.90544423,87.39932306,431637000
12-04-2024,88.16513824,90.15367382,87.50929518,89.67778086,426805000
15-04-2024,85.98065186,90.59156018,85.90867029,89.07691924,443077000
16-04-2024,87.39432526,88.09715428,86.04364687,86.41255526,370453000
17-04-2024,84.01512146,88.75399787,83.93013486,88.3190956,495400000
18-04-2024,84.65097046,86.16961599,82.38250995,84.94990334,447260000
19-04-2024,76.18197632,84.30405561,75.58812265,83.13033728,875198000
22-04-2024,79.49919128,80.05406033,76.38193249,78.08552424,596341000
23-04-2024,82.40350342,82.74942226,80.24501744,80.74989526,438559000
24-04-2024,79.65814972,84.06210624,79.16426331,83.93013369,512208000
25-04-2024,82.6124649,83.30329578,78.20450323,78.84934736,424641000
26-04-2024,87.71424866,88.31010836,83.36727752,83.79817533,551011000
29-04-2024,87.7362442,87.97118159,85.24582852,87.57427996,388971000
30-04-2024,86.38156128,88.79798933,86.27958803,87.21936048,363709000
01-05-2024,83.02135468,85.97965427,81.23577409,85.05687611,559863000
02-05-2024,85.79669952,86.21659833,83.18031424,84.42901931,377898000
03-05-2024,88.76799774,89.25987812,87.01941093,87.7682343,398341000
06-05-2024,92.11820221,92.19818511,89.03393293,89.36885277,376203000
07-05-2024,90.53257751,91.75928461,88.98994329,91.07644753,437342000
08-05-2024,90.39061737,91.17243008,89.39884762,89.46183625,325721000
09-05-2024,88.72601318,91.05046028,88.21013638,90.50758943,378013000
10-05-2024,89.85673523,91.37937755,89.20588827,90.28363616,335325000
13-05-2024,90.37762451,90.97648188,88.50806398,90.45660058,289680000
14-05-2024,91.33439636,91.62932476,88.91296449,89.57780812,296507000
15-05-2024,94.60760498,94.83955234,91.57732397,92.4501185,417735000
16-05-2024,94.33667755,95.79633123,94.08073378,94.8875497,323952000
17-05-2024,92.4571228,94.71758961,91.78428546,94.34668279,359691000
20-05-2024,94.75757599,95.1774748,93.41789666,93.72782088,318764000
21-05-2024,95.36344147,95.3774381,93.15796194,93.57686155,328946000
22-05-2024,94.92754364,95.99729031,93.22694948,95.43642596,548648000
23-05-2024,103.7744522,106.294852,101.4959843,102.0038674,835065000
24-05-2024,106.4438171,106.4498124,102.9756359,104.4242907,429494000
28-05-2024,113.874054,114.9118104,109.8570068,110.2179215,652728000
29-05-2024,114.7978363,115.4646783,110.8747685,113.0232623,557442000
30-05-2024,110.4738617,115.7916038,109.6370617,114.6228816,487350000
31-05-2024,109.6070709,112.6903411,106.9147071,112.4933814,613263000
03-06-2024,114.9727936,114.9727936,111.976501,113.594122,438392000
04-06-2024,116.409462,116.5724254,114.0180293,115.6886394,403324000
05-06-2024,122.4110336,122.4200266,117.4402099,118.3429961,528402000
06-06-2024,120.9693756,125.5572868,118.2920078,124.0186495,664696000
07-06-2024,120.8594055,121.6632162,117.9940861,119.7416661,412386000
10-06-2024,121.7611923,123.07088,116.9823242,120.34153,314162700
11-06-2024,120.8913269,122.8510232,118.7216563,121.751187,222551200
12-06-2024,125.1806564,126.8603972,122.5510655,123.0409876,299595000
13-06-2024,129.5899811,129.7799542,127.1403626,129.3700138,260704500
14-06-2024,131.8596497,132.8194929,128.3002016,129.9399478,309320400
17-06-2024,130.9597778,133.7093533,129.56,132.9694773,288504400
18-06-2024,135.5590668,136.308951,130.6698225,131.1197499,294335100
20-06-2024,130.7597961,140.7382502,129.4999963,139.778407,517768400
21-06-2024,126.5504532,130.6098314,124.2808071,127.1003713,655484700
24-06-2024,118.0917587,124.4407765,118.0217698,123.2209637,476060900
25-06-2024,126.0705185,126.4804588,119.3015677,121.1812745,425787500
26-06-2024,126.3804855,128.1002136,122.5810692,126.110523,362975900
27-06-2024,123.9708481,126.3904801,122.9010136,124.0808317,252571700
28-06-2024,123.5209198,127.6902739,122.7310409,124.5607601,315516700
01-07-2024,124.2808075,124.8207174,118.811651,123.4509338,284885500
02-07-2024,122.6510544,123.3909456,121.0113083,121.1112913,218374000
03-07-2024,128.2601929,128.2601929,121.3412631,121.6412199,215749000
05-07-2024,125.8105698,128.8301077,125.6605914,127.3603258,214176700
08-07-2024,128.180191,130.7498013,127.0203742,127.4703016,237677300
09-07-2024,131.359726,133.7993518,128.6301364,130.3298862,285366600
10-07-2024,134.8891754,135.0791485,132.3995543,134.0093064,248978600
11-07-2024,127.3803329,136.1289745,127.0303885,135.7290423,374782700
12-07-2024,129.220047,131.8996258,127.2003547,128.2401874,252680500
15-07-2024,128.420166,131.3697074,127.1603585,130.5398337,208326200
16-07-2024,126.3404846,129.0200634,124.5607608,128.4201652,214769500
17-07-2024,117.9717712,121.8311756,116.7019708,121.3312528,390086200
18-07-2024,121.0712891,122.3810919,116.5419901,121.8311738,320979500
19-07-2024,117.9117889,121.5812204,117.3518779,120.3314134,217223800
22-07-2024,123.5209198,124.0508367,119.8414879,120.3314101,258068900
23-07-2024,122.5710678,124.6707497,122.0811456,122.7610409,173911000
24-07-2024,114.2323532,119.9314698,113.4224808,119.1515914,327776900
25-07-2024,112.2626572,116.6119838,106.283585,113.0225419,460067000
26-07-2024,113.0425339,116.1820482,111.5627668,116.1720553,293399100
29-07-2024,111.5727615,116.2620396,111.282813,113.6724433,248152100
30-07-2024,103.7139816,111.9727003,102.524163,111.5027717,486833300
31-07-2024,117.0019226,118.3217184,110.8628716,112.8825638,473174200
01-08-2024,109.1931381,120.1414521,106.7935071,117.5118533,523462300
02-08-2024,107.2534256,108.7032062,101.3543431,103.7439733,482027500
05-08-2024,100.4344864,103.394036,90.67599893,92.04578251,552842400
06-08-2024,104.233902,107.6933668,100.5344764,103.8239616,409012100
07-08-2024,98.89472961,108.7832018,98.67476237,107.7933491,411440400
08-08-2024,104.9537888,105.4837057,97.50493482,101.9842462,391910000
09-08-2024,104.7338257,106.5835385,103.4140298,105.6236876,290844200
12-08-2024,109.0031586,111.052845,106.2435903,106.3035786,325559900
13-08-2024,116.1220627,116.2120528,111.5627694,112.4226372,312646700
14-08-2024,118.0617676,118.5816839,114.0523847,118.511695,339246400
15-08-2024,122.8410339,123.2209725,117.4518666,118.7416684,318086700
16-08-2024,124.5607605,124.9806938,121.1612841,121.9211689,302589900
19-08-2024,129.9799194,129.9799194,123.400934,124.2608018,318333600
20-08-2024,127.2303467,129.8599454,125.8705561,128.380163,300087400
21-08-2024,128.4801636,129.3300385,126.6404513,127.3003454,257883600
22-08-2024,123.7208939,130.7298137,123.0809933,129.9999307,376189100
23-08-2024,129.3500214,129.5799968,125.2006682,125.8405688,323230300
26-08-2024,126.4404678,131.2397219,124.3507943,129.5499957,331964700
27-08-2024,128.2801971,129.1800521,123.8608737,125.0306989,303134600
28-08-2024,125.5906067,128.3101879,122.621064,128.1002137,448101100
29-08-2024,117.5718384,124.4107861,116.691977,121.3412605,453023300
30-08-2024,119.3515701,121.7311999,117.2019006,119.5115415,333751600
03-09-2024,107.9833221,116.1920534,107.2734327,115.9920873,477155100
04-09-2024,106.1935959,113.2525031,104.1039223,105.393724,372470300
05-09-2024,107.1934433,109.6330689,104.7438247,104.9737849,306850700
06-09-2024,102.8141174,108.1332953,100.934403,108.0233117,413638100
09-09-2024,106.4535599,106.5335494,103.6739904,104.8638014,273912000
10-09-2024,108.0833054,109.3831077,104.9337903,107.7933492,268283700
11-09-2024,116.8919449,117.1719004,107.4034053,109.3731022,441422400
12-09-2024,119.1317902,120.781678,115.3720471,116.8319456,367100500
13-09-2024,119.0917892,119.9517306,117.5918926,119.071794,238358300
16-09-2024,116.7719498,118.1718548,114.3521184,116.7819512,248772300
17-09-2024,115.5820313,118.7918168,114.8220891,118.1618553,231925900
18-09-2024,113.3621902,117.6918861,113.2121991,115.8820132,310318900
19-09-2024,117.8618774,119.651755,117.2419174,117.341909,293506400
20-09-2024,115.9920044,118.6118266,115.3820458,117.0519289,382462400
23-09-2024,116.2519913,116.9819367,114.8520862,116.5419722,206228500
24-09-2024,120.8616714,121.7916077,115.3720444,116.5119652,354966800
25-09-2024,123.5014954,124.9313972,121.6016247,122.0115925,284692900
26-09-2024,124.031456,127.6612032,121.7916124,126.791268,302582900
27-09-2024,121.3916397,124.0214558,119.2517877,123.9614624,271009200
30-09-2024,121.431633,121.4916264,118.1418588,118.3018438,226553700
01-10-2024,116.9919357,122.4315632,115.78202,121.7616036,302094500
02-10-2024,118.8418121,119.3717744,115.1320686,116.4319821,221845900
03-10-2024,122.8415375,124.3514356,120.3317082,120.9116701,277118000
04-10-2024,124.9113922,125.0313867,121.8216087,124.9313951,243678100
07-10-2024,127.7112045,130.6310016,124.941391,124.9813892,346250200
08-10-2024,132.8808441,133.4707998,129.411082,130.2510204,285722500
09-10-2024,132.6408539,134.5107354,131.3709524,134.10076,246191600
10-10-2024,134.800705,134.9906943,130.99097,131.900911,242311300
11-10-2024,134.7907104,135.7706386,133.6507896,134.0007564,170209500
14-10-2024,138.0605011,139.5903945,136.2906187,136.4606052,232347700
15-10-2024,131.5909424,138.5604636,128.7311388,137.8604996,377831000
16-10-2024,135.7106476,136.6105795,131.5709335,133.970762,264879700
17-10-2024,136.9205627,140.8802967,136.8605693,139.3304004,306435900
18-10-2024,137.9904938,138.8904257,137.2705422,138.6604458,176090200
21-10-2024,143.7001038,143.7001038,137.9904905,138.1204864,264554500
22-10-2024,143.5801086,144.4100533,141.7702357,142.9001628,226311600
23-10-2024,139.5503845,142.420182,137.4505383,142.0202156,285930000
24-10-2024,140.4003296,141.3402673,138.450467,140.810305,172354900
25-10-2024,141.5302429,144.1200761,140.7903037,140.9202843,205122100
28-10-2024,140.5103149,143.1301294,140.0403461,142.9901397,173586700
29-10-2024,141.2402649,142.2501898,138.8904208,140.2803243,157593600
30-10-2024,139.3303986,140.3203359,136.800574,139.5303817,179418100
31-10-2024,132.7508545,137.6005267,132.1009053,137.5905329,270039600
01-11-2024,135.3906708,137.3005429,134.5607414,134.690722,207127800
04-11-2024,136.0406342,138.9504374,135.5606715,137.2005579,187528200
05-11-2024,139.9003601,140.3603199,137.3205361,137.440523,160537400
06-11-2024,145.5999603,146.4799045,141.9502181,142.9501492,242043900
07-11-2024,148.869751,148.9197353,146.1599309,146.379917,207323300
08-11-2024,147.6198273,149.7596791,146.2499113,148.7597481,175665800
11-11-2024,145.2499847,148.839749,143.560114,148.6697472,182325600
12-11-2024,148.2797699,149.6396767,145.9999283,146.7698795,198634700
13-11-2024,146.2599182,149.3197048,145.8899334,149.0597282,191903300
14-11-2024,146.7498779,148.989729,145.5399699,147.6298222,194463300
15-11-2024,141.9702148,145.23,140.0703518,144.8600151,250132900
18-11-2024,140.1403351,141.5402478,137.1405418,139.490386,221866000
19-11-2024,146.9998627,147.1198648,140.9802886,141.3102676,227834900
20-11-2024,145.8799438,147.5498269,142.720158,147.3998434,309871700
21-11-2024,146.6598969,152.8794697,140.6903068,149.3397202,400946600
22-11-2024,141.9402161,147.1498638,141.0902838,145.9199376,236406200
25-11-2024,136.0106354,142.0402188,135.8106522,141.9802254,344941900
26-11-2024,136.9105682,139.2904092,135.6606543,137.6905133,190287700
27-11-2024,135.3306732,137.2105486,131.7909238,135.0006941,226370900
29-11-2024,138.2404785,139.3404089,136.0406331,136.7705785,141863200
02-12-2024,138.6204529,140.4403195,137.8105111,138.820436,171682800
03-12-2024,140.2503357,140.5303152,137.9404972,138.2504734,164414000
04-12-2024,145.1300049,145.779954,140.2803328,141.9902217,231224300
05-12-2024,145.0599976,146.5399933,143.9499969,145.1100006,172621200
06-12-2024,142.4400024,145.6999969,141.3099976,144.6000061,188505600
09-12-2024,138.8099976,139.9499969,137.1300049,138.9700012,189308600
10-12-2024,135.0700073,141.8200073,133.7899933,139.0099945,210020900
11-12-2024,139.3099976,140.1699982,135.2100067,137.3600006,184905200
12-12-2024,137.3399963,138.4400024,135.8000031,137.0800018,159211400
13-12-2024,134.25,139.6000061,132.5399933,138.9400024,231514900
16-12-2024,132,134.3999939,130.4199982,134.1799927,237951100
17-12-2024,130.3899994,131.5899963,126.8600006,129.0899963,259410300
18-12-2024,128.9100037,136.6999969,128.2799988,133.8600006,277444500
19-12-2024,130.6799927,134.0299988,129.5500031,131.7599945,209719200
20-12-2024,134.6999969,135.2799988,128.2200012,129.8099976,306528600
23-12-2024,139.6699982,139.7899933,135.1199951,136.2799988,176053500
24-12-2024,140.2200012,141.8999939,138.6499939,140,105157000
26-12-2024,139.9299927,140.8500061,137.7299957,139.6999969,116205600
27-12-2024,137.0099945,139.0200043,134.7100067,138.5500031,170582600
30-12-2024,137.4900055,140.2700043,134.0200043,134.8300018,167734700
31-12-2024,134.2899933,138.0700073,133.8300018,138.0299988,155659200
